,title
312,mexico border crossing to usa...|| usa donkey 2022 || usa donkey border crossing || donkey ||
1477,Career à¤–à¤¤à¤® Shah Rukh Khan | Pathaan Movie | Jawan Movie| Dunki Movie Srk | Shahrukh khan | #shorts
176,Panama to Usa DonkeyğŸ‡ºğŸ‡²| à¨®à¨°à¨¨ à¨¤à©‹à¨‚ à¨¨à¨¹à©€à¨‚ à¨¡à¨°à¨¦à©‡ ğŸ¥º| Usa Donkey #shorts
1873,Como Hacer la bebida Dunkinâ€™ Donuts de Charli Dâ€™Amelio!!
46,Usa donkey ğŸ‡ºğŸ‡²| India to Usa donkey | à¨…à¨®à¨°à©€à¨•à¨¾ ğŸ‡ºğŸ‡² #shorts
1804,Dunki Teaser | Shah Rukh Khan | Taapsee Pannu | Dhunki Trailer Srk | Dunki Official trailer
145,|| DONKEY|| ||Panama jungle||
1356,Turkey Pahuche Bharat Ki Madad Dekh Pak Ki Jali !
67,USA Real Sad story of USA Donkey | USA DONKEY TRUTH | MEXICO TO USA
637,Panama jungle to Mexico USA donkey new video update ğŸ‡ºğŸ‡¸â›³ï¸
1116,Mexico to America ğŸ‡ºğŸ‡² Border Crossing à¨•à¨°à¨¦à©‡ 15 à¨ªà©°à¨œà¨¾à¨¬à©€ à¨«à¨¼à©œ à¨²à¨ à¨—à¨ ğŸ˜±| Usa Donkey | Donkey 2022
1087,USA Donkey I india to usa donkey I #shorts
1547,Bloodborne Dunk Souls
827,Usa Donkey Only 14 Lakhs Mai Direct Mexico
1849,Dunki | à¤•à¥à¤¯à¤¾ à¤¹à¥ˆ dunky flights? | Shahrukh khan | Tapsee Pannu | Rajkumar Hirani | Bollywood Movie
157,PANAMA JUNGLE CAMP ğŸ• PART (2) FULL DETAIL ASHU ROR USA DONKEY ğŸ‡ºğŸ‡¸
664,usa donkey ğŸ‡ºğŸ‡¸ #donkey #usadonkey #usa #panama #panamajungle #mexico #mexicodonkey #usaupdate
818,#usa #donkey #panama #viralnew #viralreels #shorts
982,usa donkey ğŸ‡ºğŸ‡¸ | India To Bahamas Visa | western Punjab
642,USA DONKEY ğŸ‡ºğŸ‡¸  GUATEMALA TO TAPACHULA MEXICO BORDER || NEW UPDATE USA DONKEY ASHU ROR
1678,Shahrukh Dunki Shocking Update | Dunki Shooting | Dunki Latest News | Pathaan VS Jawan VS Dunki
177,(Part 2) Donkey America ğŸ‡ºğŸ‡² | Usa Donkey Border Crossing | Usa Donkey 2023 #shorts
1307,EUROPE DONKEY NEW ROUTE 2023 | Europe ki donkey à¨¡à©°à¨•à©€ PUNJAB TO EUROPE ğŸ‡ªğŸ‡ºğŸ‡µğŸ‡°ğŸ‡®ğŸ‡³ .
1609,Shah Rukh Khan Performs Umrah At Mecca After Wrapping Up Dunki Shoot In Saudi ArabiağŸ™ŒğŸ».#shahrukhkhan
477,USA Donkey panama jungle Entry
616,panama camp || usa donkey video #short #america2num
596,"Real Fact &amp; Myth About USA Donki Via Panama, Guatemala, Mexican.. See Video For Full Information."
1132,Usa donkey! usa border choosing kar raha india punjabi!
1011,#america #americandollar #shorts #donkey #2numberi #usa#usaale  india to americağŸ‡ºğŸ‡¸ğŸŒğŸ—½
1015,Can we go USA from UK by donky | Your Question answers | Copyright again #usa #uk #vlog #indianinuk
280,Trump tower USA #usadonkey #usa #america #mexicoborder #indiatousa #panama #mexico #donki #punjabi
493,Those 63 days / USA donkey/ USA camps/ USA jail/ Panama
1767,Pakistan sy Turkey ki donkey by road 2023||Mako phari ka safar.full details with zain vlog||part 4
1060,India to Usa Donkey Information
598,USA Donkey Panama #youtubeshorts #shorts #short #panama
512,USA donkey Jungle Panama
1831,"Dunki hit or flop, Shahrukh Khan,Dunki first day collection report,Donki box office collection,"
1235,USA Donkey Latest  I India to USA I à¨¦à©‹à¨‚à¨•à©€ à¨¦à©‡ à¨¦à©Œà¨°à¨¾à¨¨ à¨‡à¨¹ à¨•à¨¿ à¨¹à©‹à¨‡à¨†  #shorts
828,US Donkey Process in 59 seconds! World&#39;s Deadliest Border!!
303,America ki donkey || USA ki donkey || us Mexico border || Brazil deport Pakistani Indian
983,India to USA Donkey Route || USA Border Crossing
919,#losangeles #indianstudents #india #usa #usavisa #america #ielts #donkey #studyvisa
133,#america #donkey #2numabri #panama #usa
925,Donkey amricka di india to usağŸ‡ºğŸ‡¸ğŸ‡ºğŸ‡¸ğŸ™
675,"Donkey , USA Donkey | India To USA Donkey #shorts #donkey2022 #usadonkey2022"
1645,Goblins are Real
238,Usa|à¨…à¨®à¨°à©€à¨•à¨¾ Donkey Part 2â—à¨¨à¨°à¨• à¨¦à¨¾ à¨˜à¨° ğŸ‘‰à¨…à¨®à¨°à©€à¨•à¨¾ à¨œà¨¾à¨‚à¨¦à©‡ à¨²à©à©±à¨Ÿ à¨²à©ˆà¨‚à¨¦à©‡ à¨¨à©‡ à¨¡à©‹à©°à¨•à¨° à¨•à©à©œà©€à¨†à¨‚ à¨¦à©€à¨†à¨‚ à¨‡à©±à©›à¨¤à¨¾à¨‚
1028,Donkey India to america/New short film/Latest Punjabi movie/Hollywood movie
1191,Nakoli Se Kapoorgana Sumunder Ke Rasste se India ğŸ‡®ğŸ‡³ to usa ğŸ‡ºğŸ‡² donkey
704,Usa DonkeyğŸ‡ºğŸ‡¸||Panama DonkeyğŸ•ï¸|| à¤•à¥‰à¤²à¥‹à¤®à¥à¤¬à¤¿à¤¯à¤¾ à¤¸à¥‡ à¤¨à¤¿à¤•à¥‹à¤•à¥à¤²à¥€ à¤•à¤¾ ğŸšŒğŸšŒà¤•à¤¾ à¤¸à¤«à¤° full à¤µà¤¿à¤¡à¤¿à¤¯à¥‹
395,(Part 3) Panama to America Border Crossing ğŸ‡ºğŸ‡² | Usa  Donkey #usaborder
1370,Dunki | Title Announcement | Shah Rukh Khan | Taapsee Pannu | Rajkumar Hirani | 22 Dec 23
1375,Donkey Hodie FULL EPISODE | Flying Flapjacks / Pickle Penguin Problem | PBS KIDS
929,Usa Mexico Donkey | USA Mexico Border Update | India To USA Donkey#usadonkey#mexicoborder#border#usa
1468,Dunkuza Kiwami
1035,USA Donkey I india to usa donkey I
1760,Post Schedule of Dunki  Shah Rukh Khan Performs Umrah In Mecca | Afghan Reaction!!!!!
1911,Big Cuz / Chunky Dunkin&#39; Official Video
1397,Taapsee Pannu: &quot;Love story in Dunki is much more than other Rajkumar Hirani films&quot; | Shah Rukh Khan
1,mexico to usa border crossing 2022 ğŸ‡ºğŸ‡²| Usa Donkey | usa border crossing video(Part 2) #shorts
1263,NewyorkğŸ‡ºğŸ‡¸- Short Travel Video | USA #timessquare #america #shorts #viral #latest | USA DONKEY 2022
507,Donkey Usa | Donkey America | Usa Donkey 2022 | 100 à¤¸à¥‡ à¤œà¤¾à¤¦à¤¾ Indian donkey à¤²à¤—à¤¾à¤¤à¥‡
820,Usa donkey waleğŸ‡±ğŸ‡·ğŸ‡±ğŸ‡· | America wale | #usadonkey #america #shorts
513,yuma to layi donki#america #usa #mexico #mexicoborder #usadonkey #donki #punjabi #panama #indiatousa
693,USA donkey panama jungle entry #short #canada #usa #mexico #usaborder #newyork
758,ğŸ˜¡50 à¤¬à¤‚à¤¦à¥‡ à¤à¤• à¤Ÿà¥à¤°à¤• à¤®à¥‡à¤‚ ğŸ‡ºğŸ‡¸ğŸ‘#usa #panama #donkey #shorts #viral #usadonkey#europe #amazing #america
670,usa donkey full enjoy #usa #viral #panama #donkey #shortvideo #trending #trendingshorts
1558,Best Of Stephen Curry&#39;s Career Dunks
1149,"India to USA donkey 2022 , Live India boys and girls enter to Mexico border || #shorts #ytshorts"
1103,USA Donkey Mexico border crossing after 3 months .
1878,Receita rÃ¡pida CafÃ© Gelado Dunkin Donuts/Starbucks
809,Canada America à¨µà¨¿à¨š à¨µà¨¿à¨†à¨¹ à¨•à¨°à¨µà¨¾à¨£ à¨²à¨ˆ LIVE à¨ªà©à¨°à©‹à¨—à¨°à¨¾à¨® à¨¨à¨¾à¨² à¨œà©à©œà©‹ || The Tv Nri ||
771,usa donkey #shortvideo #shorts #short
485,PANAMAğŸ‡ºğŸ‡² JUNGLE PEOPLE IN DONKEY WALE||INDIA TO AMERICA AALE||HR 42 STATUS||#canada #australia #usa
156,USA DonkEy 2022 ğŸ‡ºğŸ‡¸| new update|haryana to Usa|#donkey #usa |panama camp 3
1706,WONKY DONKEY SONG
1276,today Yuma Arizona border crossing ğŸ˜±|| USA donkey||Mexico to America
1794,The Duck Song
743,DONKEY TO AMERICA | PARDESI LIFE | GHAR SAHDNE SAUKHE NHI
1154,USAğŸ‡ºğŸ‡² DONKEY FULL INFORMATION HARYANVI BOYS || ALL UPDATE USA DONKEY INDIA TO USA 2numbari #shorts
40,Trucking Job After ğŸ‡ºğŸ‡¸ USA donkey from india to America Donkey | truck ğŸšš lifestyle
224,New USA Mexico Border Policy 2023 - Jaspreet Singh Attorney
553,#india to #usa #donkey #panama #jungle #viral #contentcreator #update#breakingnews #punjabi#haryanvi
1713,Dunkinâ€™ on 8 foot #12yearsold #hops #youtube #shorts #dunk #onehandslam
1001,usa donkey 2022ğŸ™ğŸ»ğŸ¥µ new update full information in hindi MEXICO USA DONKY
1472,Dunki New Actor Join GurpreetGhuggi with SRK #shorts
178,Usa Donkey 2023 ğŸ‡ºğŸ‡² | America Border Crossing Punjabi #shorts
1053,Donkey india to usa
912,Panama jungle|| mexico border|| donkey america #funny #donkey #usa
1040,USA DONKEY ğŸ‡ºğŸ‡² VIDEO || America camp || India to Sao Paolo Brazil Refugees camp #usa #shorts
1411,Trace Adkins - Honky Tonk Badonkadonk
1426,Dunderwatch
1803,FULL 2022 NBA Dunk Contest
967,USA Pankaj Narwal America wale bhai ne America jaane ka Sahi Tarika Bataya India to USA donkey
1885,Comercial Dunkin&#39; Donuts - Adultos
5,USA Donkey I india to usa donkey I #shorts
1618,Finally!! Shah Rukh Khan At Mecca (Makkah) #shorts #shahrukhkhan #mecca #dunki
1034,india to Brazil flight | America di Donkey flight | Flight UPDATE 2021.
1755,Dunki Official Trailer : Climax Shoot | Shahrukh Khan | Taapsee | Boman Irani | Rajkumar Hirani
198,JungleğŸ¥¦Panama à¤•à¥€ à¤ªà¥‚à¤°à¥€ à¤–à¤¡à¤¼à¥€ à¤šà¤¢à¤¼à¤¾à¤ˆ â›°ï¸  USA donkey ğŸ‡ºğŸ‡² #usa #2023 #panama
752,à¤˜à¤° (à¤‡à¤‚à¤¡à¤¿à¤¯à¤¾ ğŸ‡®ğŸ‡³)à¤¸à¥‡ à¤…à¤®à¥‡à¤°à¤¿à¤•à¤¾ğŸ‡ºğŸ‡¸ à¤®à¥‡à¤‚ à¤†à¤¯à¤¾ à¤¸à¤¾à¤®à¤¾à¤¨/ à¤•à¤ªà¤¡à¤¼à¥‡ à¥¤Ankush Malik Vlogs
1584,Dunki Kya Hai? #shorts
1408,"Shahrukh Khan- Rajkumar Hirani à¤•à¥€ film à¤œà¤¿à¤¸ Donkey Flight à¤ªà¤° à¤¬à¥‡à¤¸à¥à¤¡ à¤¹à¥ˆ, à¤µà¥‹ à¤•à¥à¤¯à¤¾ à¤¹à¥‹à¤¤à¤¾ à¤¹à¥ˆ?"
1636,Final Fantasy VII
1071,USA DONKEY I INDIA TO USA I #shorts
115,Big Update  Russia Tourist Visa For Indians 2023 | Sabse Cheap Country à¤‡à¤‚à¤¡à¤¿à¤¯à¤¾ à¤•à¥€ à¤ªà¤¹à¤²à¥€ à¤ªà¤¸à¤‚à¤¦ Russia.!
1493,WE OPENED A DUNKIN in our HOUSE to Catch a LIAR
380,Usa Donkey 2019 | 2 Number Vich America Di Donkey 2019 | Panama Jungle 2019
1722,How to make DUNKIN&#39; NEW ROASTED TOMATO HUMMUS TOAST &amp; ROASTED TOMATO AVOCADO TOAST - Recipe &amp; Review
1212,USA Donkey New Video 2022 | Mexico border crossing | Indian boys in donkey | 2022
784,Little India ğŸ‡®ğŸ‡³Pahunch gaye ğŸ¤—Indian vlogger in USA | hindi vlog | America lifestyle | Indian mom
1416,Turkey To Greece Dunki Video
1566,Dunki | interesting Update | Shahrukh Khan | Taapsee Pannu | Vicky kaushal | By We Filmy
1316,ajay gill kurar usa donkey video  #ajaygillkurar #shorts #america #usadonkey #viral #trending
1269,donkey India to America
268,Mexico border drone view #mexicoborder #usadonkey #panama #mexico #indiatousa #punjab #usa
1223,ğŸ¤£Cute donkey marriage ğŸ¤£ #viral #india #nepal #usa
1066,USA Donkey I india to usa donkey I
1080,"#America_donkey à¤²à¤—à¤¾à¤¨à¥‡ à¤¸à¥‡ à¤ªà¤¹à¤²à¥‡ à¤¯à¤¹ à¤µà¥€à¤¡à¤¿à¤¯à¥‹ à¤œà¤°à¥‚à¤° à¤¦à¥‡à¤–à¥‡à¤‚ , à¤•à¥ˆà¤¸à¥‡ à¤¹à¥‹à¤¤à¥€ à¤¹à¥ˆ à¤®à¤¾à¤«à¤¿à¤¯à¤¾ à¤¸à¥‡ à¤®à¥à¤²à¤¾à¤•à¤¾à¤¤ ..??"
1328,Turkey ki madad par Pakistan ki dhurtata | Turkey No To Shehbaaz Sharif Visit |Thank you Dost India
1778,CHARLESTON WHITE SAID JESUS RODE IN ON A DUNKIN
1216,Brazil to USA  (America) ki Donkey | Donkey Flight (hindi) | USA ki Donkey --Brazil ki Donkey.
229,India to USA donkey 2023 panama jungle ka safar pure panama jungle ki saar or kya khatre aaye samne
541,#india to #usa #donkey #panama #jungle #update #viral #video
1033,Usa donkey indian haryana
319,USA Donkey ğŸ‡ºğŸ‡¸ Live 2 Number wale #Panama ğŸ‡µğŸ‡¦  Jungle ğŸŒ³ || latest Video Usa  #donkey #16july
1889,I was paid to put a hit out on DK (Tomodachi Life #10)
524,USA DONKEY ğŸ‡ºğŸ‡² VIDEO || PANAMA JUNGEL DONKEY VIDEO || Part 2 à¤ªà¤¨à¤¾à¤®à¤¾ à¤œà¤‚à¤—à¤² à¤¡à¥‹à¤‚à¤•à¥€ à¤µà¥€à¤¡à¤¿à¤¯à¥‹ ! #tranding
869,pakistan se america jane ka rasta | india se america ki donkey | usa donkey border crossing 2022 |
27,INDIA to USA donkey  I usa donkey I usa donkey 2022 I
591,ğŸ‡µğŸ‡¦PANAMA JUNGLE ll USA DONKEY WALEğŸ‡ºğŸ‡¸ ll   #brazil #colombia #panama #costarica #guatemala #mexico
717,Panama jungle entry part (2)u.s.a donkey ğŸ‡ºğŸ‡²20-11-2022#viral #usa #donkey subscribe
1512,Shah Rukh Khan Performs Umrah In Mecca ğŸ˜ğŸ˜ Post Schedule Wrap of Dunki Fans Are Thrilled ğŸ’ #shorts
100,Every ğŸ‡®ğŸ‡³ Indian realizes this after coming to America ğŸ‡ºğŸ‡¸ #amitaamerica #shorts #shortsvideo #usa
594,"à¨…à¨®à¨°à©€à¨•à¨¾ à¨¦à©€ à¨¡à©Œà¨‚à¨•à©€ à¨¨à©‡ à¨µà¨¿à¨•à¨¾ à¨¦à¨¿à©±à¨¤à©‡ 3 à¨•à¨¿à©±à¨²à©‡, 60 à¨²à©±à¨– à¨¦à©‡ à¨•à©‡ à¨›à©à©±à¨Ÿà¨¿à¨† à¨–à¨¹à¨¿à©œà¨¾ | Pro Punjab Tv"
595,USA Donkey I India To usa I See the reality I
153,USA ğŸ‡ºğŸ‡¸ Donkey| Panama Jungle| Latest Video | Donkey 2022 #shorts #short #youtubeshorts #youtube #usa
1779,Herman the Worm â™« Camp Songs for Children â™« Kids Brain Breaks Songs by The Learning Station
1342,Surprising My Wife With A Mystery Gift Box ğŸ˜ğŸ
781,Donkey funny #animals #video #ytshorts #youtubeshorts #youtube #shorts #viral #comedyclub
1754,Italy Ki Dunki | How To Search  Jobs in Italy | Agricultural Work in Italy â¤ Shahzad Stories
394,USA DONKEY ğŸ‡ºğŸ‡¸|| Panama ğŸ‡µğŸ‡¦ jungle video || 2 numberi USA donkey ||#America donkey best agent
324,Airport &#39;à¨¤à©‡ à¨œà¨¹à¨¾à¨œà¨¼ à¨¤à©‡ Bus à¨¦à©€ à¨Ÿà©±à¨•à¨° à¨®à¨¾à¨®à¨²à©‡ &#39;à¨š 5 à¨œà¨£à©‡ à¨œà¨¼à¨–à¨®à©€ | US News | TV Punjab
1752,Pasalubong ng Bayan (Dunkin&#39; Donuts Theme Song) with Lyrics
1619,"Pathan VS Jawan VS Dunki (2023) | Shah Rukh Khan, Release Date, Trailer Cast, First Look Poster"
1507,DUNKI story n meaning explained! Pathaan Shahrukh Khan upcoming Blockbuster film details ! Story out
1013,TEXES NEW UPDATE#USA DONKEY #USA DONKEY MEXICO#INDIA TO USA US IMMIGRATION NEWS LATEST
1817,Dunkin&#39;Â® Chocolate Croissant Review! ğŸ«ğŸ¥ | SPRING Menu ğŸ• | theendorsement
443,usa ğŸ‡ºğŸ‡¸ donkey Panama jungle
1870,Donkey Kong Country Japanese Dub Songs (Ep.1-Ep.13)
1067,#usa#donkey vidio#usa donkey#india to usa #update#1vidio donkey
716,à¤…à¤®à¥‡à¤°à¤¿à¤•à¤¾ à¤¬à¥‰à¤°à¥à¤¡à¤° à¤•à¥€ à¤¸à¤šà¤¾à¤ˆ to Arizona âœŒğŸ‡ºğŸ‡²tiger #usa #panama #viral #donkey # #trendingshorts #mexico
457,usa donkey 2022 ğŸ‡ºğŸ‡²  (Panama jungle ) America donkey 2022 ğŸ‡ºğŸ‡²
522,USA donkey 27may to5 June
863,IndiağŸ‡®ğŸ‡³ se AmericağŸ‡ºğŸ‡¸ ki donkey â€¦ Full detail â€¦. Pure sfar ki Kya h hakikat â€¦
684,pilot à¨¦à©‡à¨–à©‹ à¨•à¨¿à¨µà©‡à¨‚ à¨¨à¨¿à¨•à¨²à¨¿à¨† #america #mexicoborder #usadonkey #usa #mexico #donki #punjabi #panama
1155,Usa Donkey ğŸ‡ºğŸ‡¸ à¨ªà©°à¨œà¨¾à¨¬à©€ à¨®à©à©°à¨¡à©‡ à¨œà©‡à¨²à©à¨¹ à¨µà¨¿à¨š à¨ªà¨¸à¨¾à¨¹ à¨¦à¨¿à©±à¨¤à©‡ ğŸ™ | America Border Crossing
1440,Elden Ring (dunkview)
1197,USA Donkey I India to USA donkey I
1181,LATEST USA DONKEY UPDATE | US ki #donkey Information Punjabi | à¨…à¨®à¨°à©€à¨•à¨¾ à¨•à©€ à¨¡à©Œà¨•à©€ || INDIAN se US 2022 .
1593,DUNKI Teaser Review | Shahrukh Khan |Taapsee Pannu | Rajkumar Hirani #Bollywood movies unknown facts
336,America ğŸ‡ºğŸ‡¸ğŸ‡ºğŸ‡¸ğŸ‡ºğŸ‡¸
141,dunkey to USA Via Panama Mexico.. fun video......no offense What is Donkey USA?
214,#subscribe #100k  #indiatocanada..#donkey #study #usa canada new status canada dollar status..ğŸ‡¨ğŸ‡¦ğŸ’´ğŸ’±ğŸ¤‘
961,India ğŸ‡®ğŸ‡³ To USA ğŸ‡ºğŸ‡¸ | Part 13 | Panama ğŸ‡µğŸ‡¦ Jungle Ki Tyaari Hogyi ğŸ™‚| USA ğŸ‡ºğŸ‡¸ Donkey |
1231,#donkey ta jana america asaa nhi #america #usa #airplane #pr hona be ha #ghar be bnana ha ghaoo ma
1625,"Shah Rukh Khan&#39;s Instagram LIVE | Pathaan, Jawan, Deepika Padukone, Dunki &amp; More | FULL VIDEO"
552,Panama jungle  1camp ma entry #panama #usa #viral #donkey #shortvideo #india #pakistan
1641,Dunki Trailer First look Shahrukh Khan | Taapsee Pannu | Rajkumar Hirani | Dunki Latest Update
414,Panama jungle usa donkey #shorts #viralshorts
1688,Super Donkey Kong Shake
356,My USA Donkey Panama Jungle
371,MEXICO JUNGLE TAPACHULA TO CHIAPAS MEXICO ASHU ROR
1710,Dunki Title Announcement YT Shorts Feat. AK | SRK x Hirani | 22.12.2023 | Red Chillies | PL
1748,"Funky - Justo A Tiempo, Contigo &amp; Creo En Ti (Live) Explo Music Fest"
1435,Shrek Meets Donkey | Shrek | Extended Clip | Animated Cartoons For Children
535,||Panama JungleğŸ¥º|| à¤•à¥‹à¤ˆ à¤®à¤¤ à¤†à¤¨à¤¾ à¤¯à¤¹à¤¾à¤‚ à¤ªà¤° USA donkey ğŸ™ ğŸ‡ºğŸ‡² à¤ªà¤¹à¤²à¤¾ à¤¦à¤¿à¤¨ ğŸ˜¢
1603,Dunki usa #usadonkey #shorts video
328,Usa Donkey Mexico Border Crossing Video
812,How to Apply for Farm Worker Jobs In Canada || With Visa Sponsorship#kenya #jobs #canada
1126,Guatemala Visa free | Guatemala to USA Donkey | USA Entry | New Update 2022.
1852,SHAH RUKH KHAN&#39;S DUNKI MOVIE TITTLE ANNOUNCEMENT TEASER REVIEW BY AAMIR ANSARI | RAJKUMAR HIRANI |
1407,Tones and I - Dance Monkey (Lyrics)
1457,Metal Gear Solid Explained
1821,Donkey diva: Singing beast of burden becomes Indian sensation | AFP
357,ILLEGAL USA MEXICO BORDER CROSSING | panama jungle donkey | india to usa donkey route | new donkey
1292,USA DONKEY ğŸ‡ºğŸ‡² VIDEO || Peru to Cusco And Lima Safar || à¤ªà¥‡à¤°à¥‚ à¤¸à¥‡ à¤•à¤¸à¥à¤•à¥‹ à¤”à¤° à¤²à¥€à¤®à¤¾ à¤•à¤¾ à¤¸à¤«à¤° à¤¬à¤¸ à¤®à¥ˆ ğŸ¤”?
1113,Indian restaurant in USA ğŸ‡ºğŸ‡¸ #donkey #usa #2numabri #2numberi #america #haryanaale #panama
407,Haryana aale ğŸ˜‚ğŸ˜‚ @DonkeyAmericaki #donkey #panama #jungle #america #haryana #viral #trendingvideo
206,#india to #usa #donkey #panama #jungle aa jao sare bhai â¤ï¸
1108,USA Donkey #usa #india  #mexico mexico border
917,Russia to America Donkey flight.
243,Donkey Rahi America Ja Rahia Do Bhena Da Hoya Eh Haal|Latest Video Mexico To America Donkey
1311,#america #usa #donkey #shorts
1726,Man shot to death after dispute at Dunkin&#39; Donuts in the Bronx
1555,Shah Rukh Khan announces Saudi Arabia schedule wrap of â€˜Dunkiâ€™ with a big thank you
54,India In To USA Donkey Full Details | USA Donkey  | à¤‡à¤‚à¤¡à¤¿à¤¯à¤¾ à¤¸à¥‡ à¤…à¤®à¥‡à¤°à¤¿à¤•à¤¾ à¤¤à¤• à¤•à¤¾ à¤¸à¤«à¤¼à¤°  | India To USA
446,Panama jungle (Donkey Mexico)
73,USA Donkey in panamas prelious jungle #usa #donkey #india #hrd #punjabi #views #viral #shorts
1418,I&#39;m Done With League of Legends
1230,USA ğŸ‡ºğŸ‡¸ DONKEY WITH ASHU ROR
1469,How Drinks Helped Dunkin&#39; Become a $9 Billion Empire | The Economics Of | WSJ
658,USA donkey ğŸ‡ºğŸ‡¸ Panama jungle new video update
635,Usa donkey #short #youtubeshorts #viral #shortvideo
930,#donkey #america #2numabri #panama #2 number aale #usa #india
1183,âœŒNumberii DonkeyğŸ‡¬ğŸ‡§ğŸ‡­ğŸ‡²ğŸ‡¬ğŸ‡§    #lifestyle #usa #america #donkey #india
382,Donki da Taap #usadonkey #usadonkey #indiatousa #usa #panama #mexico #america #punjabi #pakistani
1871,Dunkin Coffee y su nuevo cafÃ©
1857,Luke Dunkin&#39;s Low Budget Live
1167,Live Usa donkey Border Crossing Mexico to America India to America donkey 2022 Many People Cross...
101,Usa Donkey Pourtgal to Suriname flight #funny #love #usa #spain ##instagram #shots #live#india
1568,Donkey à¨²à¨¾à¨‰à¨£ à¨¤à©‹à¨‚ à¨ªà¨¹à¨¿à¨²à¨¾ à¨‡à¨¹ à¨µà©‡à¨–à©‹ | Panama Jungle | America Mexico Dunki | R Jogi | Josh Talks Punjabi
1089,Night crossing eagle pass #mexicoborder #usadonkey #panama #indiatousa #usa #mexico #india #punjabi
732,USA DONKEY à¨…à¨®à¨°à©€à¨•à¨¾ à¨¡à©‹à¨‚à¨•à©€ FUNNY ğŸ˜€ğŸ˜
603,USA DONKEY WALE PANAMA JUNGLE VIDEO â›”|| PANAMA JUNGLE 2022 FULL VIDEO||#usa #canada #australia
1413,The GTA VI Leak
1387,Dunki Official Trailer | Shahrukh Khan | Taapsee Pannu | Rajkumar Hirani | Srk News | Dunki Teaser
84,Usa donkey status|3d aeroplane status |#usadonkey #usa #america #americaviral #shorts
1354,"à¤¬à¤¡à¤¼à¥‡ à¤­à¤¾à¤ˆà¤¯à¥‹ Ne Thokna à¤¶à¥à¤°à¥‚ à¤•à¤¿à¤¯à¤¾ à¤¤à¥‹ Hilali America Pe, Latest Debate On Pak Media On India,"
559,2 numbri ğŸ‡ºğŸ‡¸ #america #usadonkey #usa #mexicoborder #panama #mexico #donki #indiatousa @SELFSION
1452,Latest hindi movie Dunki | Shahrukh Khan new hindi film Donkey || #shorts #viralshorts #india #news
348,usa America donkey via Mexico new video viral 2022 Panama jungle route donkey
464,USA Donki Panama third camp.
631,The World&#39;s Most Dangerous Journey?
291,ğŸ‡ºğŸ‡¸usa donkeyâ¤ï¸/ america ale/mexico border/panama jungle new updates/international shorts$$
1245,Mexico se usa boder par
1617,"Why 2023 Will Be SRK&#39;s Greatest Year So Far | Pathaan, Jawan, Dunki | Filmanter"
1153,26/9 mexico border #mexicoborder #usadonkey #indiatousa #usa #mexico #punjabi #india #america
1539,Aaja Mexico Challiye | Promo | Donkey | Ammy Virk | Thind Motion Films | Movie in Cinemas Now
462,IndiağŸ‡®ğŸ‡³seğŸ‡ºğŸ‡¸ America   panamağŸ™ donkey
1098,"India to USA donkey 2022, Indian boy&#39;s enter to Mexico border India to America #usa #mexicotousa"
1818,Dunki |31 Interesting Facts | Shahrukh khan | Tapsi Pannu | Directed By Rajkumar  Hirani | Bollywood
1542,Assassin&#39;s Creed is Boring
1143,Maxico Border Crossing To Usa | Usa Donkey 2022 #usadonkey @ashuror22
95,Romania transit visa | Romania to hungary entry without donkey | Romania to ukraine to hungary
276,Americans Goriya #usa #america #usadonkey #mexicoborder #indiatousa #punjabi #mexico #panama
624,Roku kon?ğŸ‡ºğŸ‡¸ğŸ‡²ğŸ‡½ #usadonkey #america #mexicoborder #usa #mexico #punjabi #donki #panama #indiatousa
506,#usadonkey #mexicoborder #indiatousa #panama #mexico #usa #punjabi #america #donki
1727,Pi&#39;erre Bourne - Drunk And Nasty (Lyrics) ft. Sharc | wanna get drunk and nasty
22,Times Square Pe Lakho Ka SCAM | India To USA Donkey VISA | Indian In America
562,India ğŸ‡®ğŸ‡³ to USA ğŸ‡ºğŸ‡¸ donkey / Brazil ğŸ‡§ğŸ‡· to Panama ğŸ‡µğŸ‡¦/ #USAdonkey #panamajungle #boat
561,usa donkey/usa status/usa donkey ale/panama jungle/mexico border/america#usa #usadonkey #panama
1184,#shorts #animals #usa #india #comedy #italia #philippines #china #dog #dogs #chien #donkey #donkeys
1702,"Dunki | Title Announcement | Shah Rukh Khan, Taapsee pannu ,Rajkumar Hirani | Dunk Cast members"
1337,I BECAME A SUPER GOAT
540,Panama ğŸ‡µğŸ‡¦ jungle America @DonkeyAmericaki #usa #donkey #trendingvideo #panama
387,HONDURAS TO GUATEMALA || USA ğŸ‡ºğŸ‡¸ MEXICO BORDER ASHU ROR
14,New Update USA Donkey 2021 and how to apply usa visa punjabi boy in USA indian in USA mexico
129,USA donkey panama jangle
57,India ğŸ‡®ğŸ‡³ to USA ğŸ‡ºğŸ‡¸ || America Donkey || AT Kyrgyzstan ğŸ‡°ğŸ‡¬- 30 Â°C temperature || #usa donkey
1832,PATHAAN NE HISTORY ğŸ¤¯ SRK UPCOMING MOVIE ğŸ˜± | RAIDAS INDIAN FILMS
340,Panama jungle full vlogs
1762,FILM DUNKI MAI à¤à¤• à¤¬à¤¹à¤¤ à¤¬à¤¡à¤¾ ACTOR KA à¤¹à¥‚à¤† ENTRY |
1882,10 Restaurant Chains That Are Currently Shrinking
1291,America à¤šà¤²à¥‡ à¤—à¤ à¤—à¤¾à¤‚à¤µ à¤•à¥‡ à¤¹à¤° à¤ªà¤¾à¤‚à¤šà¤µà¥‡à¤‚ à¤˜à¤° à¤•à¤¾ à¤¬à¤šà¥à¤šà¤¾ | America Visa | Donkey America | Usa Donkey #Usa Visa
1444,I Hosted the Worlds Greatest Dunk Contest
400,USA DONKEY ğŸ‡ºğŸ‡¸ ll PANAMA JUNGLE ENTRY ll
1742,Turkey Dunki Makoo Ki Phari cross kaisy ki jay dekhain es video main #turkey #dunki #donkey #mako
1841,Pakistan se Turkey ki Dunki| Mery Bhai Turkey Dunki laga k Puhnch gy ||Rasty ki Real Video||
860,usa donkey Vedio /police chasing/by Panama jungle /subscribe for more more ğŸ™ Vedio ğŸ‡®ğŸ‡³ğŸ›«ğŸ‡¨ğŸ‡¦
1683,Donkey Kong Country Tropical Freeze - Full Game Co-op Walkthrough
66,Maxico to usa Donkey Latest Update | Maxico Border à¤¸à¥‡ à¤­à¥€ à¤­à¤—à¤¾à¤¨à¥‡ à¤²à¤—à¥‡
1689,Shah Rukh Khan SPOTTED At Mumbai Airport After DUNKI Shoot | #shorts
645,PANAMA JUNGLE VIEW|USA DONKEY WALE ğŸ‡ºğŸ‡²|I INLEGAL TARIKE NAL AMERICA CH ENTER INDIA PEOPLE|HR42STATUS
1314,Usa donkey #à¤ªà¥à¤°à¤¾à¤‚à¤œà¤²à¤¦à¤¹à¤¿à¤¯à¤¾ #renukapanwar #short
266,panama jangal video USA AMERICA JUNGAL VIDEO 2023 à¤…à¤®à¥‡à¤°à¤¿à¤•à¤¾ à¤¡à¥‹à¤‚à¤•à¥€ à¤ªà¤¨à¤¾à¤®à¤¾  JUNGAL
1189,PakistanğŸ‡µğŸ‡° or IndiağŸ‡®ğŸ‡³ Sy AmericağŸ‡ºğŸ‡¸ Danki Haqeeqt | Mexico To America Donkey | AdeelJameelGlobal
1031,Usa donkeyğŸ‡ºğŸ‡¸||America donkeyğŸ‡ºğŸ‡¸||Panama donkeyğŸ•ï¸||Usa ğŸ‡ºğŸ‡¸To IndiağŸ‡®ğŸ‡³ donkey|| Full Video
425,Panama jungel Donkey Video || USA DONKEY VIDEO 2022 @2NumbariUSAWala  #shorts #usa #trending
1459,El verdadero origen de Dunkin Donuts
766,à¤¦à¥à¤¨à¤¿à¤¯à¤¾ âŒâŒ @kamlikhotasikka #trending #viral #usa #haryana #haryanvistatus #india #trending
914,Mexico airport immigration Pakistan Indian in Mexico || us ki donkey --- Mexico ki donkey
1366,"Deep Sidhu,Reena Roy à¨¸à©à¨£ à¨²à¨µà©‹ à¨¸à©°à¨—à¨¤ à¨œà©€ à¨¸à©±à¨š à¨¨à©‚à©° à¨¦à©±à¨¬ à¨à©‚à¨  à¨¬à©‹à¨²à©‡ à¨œà©±à¨—"
705,USA DONKEY #shorts #youtubeshorts #short
1763,Jatt | Garry Sandhu ft. Sultaan | Official Video Song | J Statik | Fresh Media Records
955,USA DONKEY I india to usa I #shorts
1433,The Wonky Donkey
242,Always Respect Your Partner ğŸ˜‡â¤ï¸| Punjabi Couples ğŸ¥° #punjabivlogs #shorts #punjabi #wife
1110,Guatemala to usa illegal [ india pakistan afghanistan ]USA KI DONKEY PARTS 6 2018 in URDU&amp;HINDI.
808,India joins indo pacific forum for 5 trillion Doller economy   5 à¤Ÿà¥à¤°à¤¿à¤²à¤¿à¤¯à¤¨ à¤¡à¥‰à¤²à¤° à¤…à¤°à¥à¤¥à¤µà¥à¤¯à¤µà¤¸à¥à¤¥à¤¾ à¤•à¥‡ à¤²à¤¿à¤..
472,usa donkey ğŸ‡ºğŸ‡¸ #donkey #usadonkey #usa #panama #panamajungle #mexico #mexicodonkey #usaupdate
1323,ğŸ‡ºğŸ‡¸ Donkey ğŸ‡ºğŸ‡²start #panama #canada #donkey #usa #maxico #europe #amazing #australia #america
1502,Dunki movie update 2023 | sarukhKhan | a rajkumar Hirani film | #sarukhkhan #dunki #update
1732,Shah Rukh Khan announces his next film Dunki with Rajkumar Hirani. #srk #donki #tapseepannu
1124,USA DONKEY I INDIA TO USA I à¨¦à©‹à¨‚à¨•à©€ à¨¤à©‹à¨‚ à¨ªà¨¹à¨¿à¨²à¨¾ à¨¤à©‡ à¨¬à¨¾à¨…à¨¦ à¨• à¨¹à©à©°à¨¦à¨¾ à¨  #shorts
1490,ConvertÃ­ mi CASA en un DUNKIN DONUTS - Mimi Land reto extremo
42,Europe To  Usa Donkey || Europe To Mexico InformationğŸ‡ºğŸ‡¸ || à¨ªà©à¨°à¨¤à¨—à¨¾à¨² à¨¤à©‹à¨‚ à¨®à©ˆà¨•à¨¸à©€à¨•à©‹ à¨•à¨¿à¨µà©‡à¨‚ à¨œà¨¾ à¨¸à¨•à¨¦à©‡ 2022
790,13 Investigates joined ICE to serve immigration warrant on man convicted of child sexual ...
347,USA DONKEYğŸ‡ºğŸ‡²ğŸ‡ºğŸ‡² OPEN PANAMA JUNGLE  FULL DETAIL #trending #usa #jungle latest video update
951,Mexico ğŸ‡²ğŸ‡½ jungel usa donkey 2 number #2numabri #haryanaale #india #donkey #usa #america #panama
488,America donkey video 2022 | panama jungle crossing Indian in donkey | USA donkey videos
350,USA ğŸ‡ºğŸ‡¸  DONKEY  PANAMA  | à¨ªà©°à¨œà¨¾à¨¬à©€ à¨®à©à©°à¨¡à©‡  | PART 5 | à¨…à¨®à¨°à©€à¨•à¨¾
158,PANAMA JUNGLES (usa donkey) #usa #donkey #panama
1533,Dunki - First Look | Shahrukh Khan| Taapsee Pannu | Vicky Kaushal | Boman Irani | RajKumar Hirani
192,USA Donkey I india to usa donkey I #shorts
4,USA DONKEY 2022 || America Donkey video | 2 Number Vich America | Donkey video
1632,Dunky movie Update | Rajkumar Hirani | Shahrukh khan | Tapsee Pannu | Dunky Teaser
508,USA DONKEY WALEğŸ‡ºğŸ‡¸ ll PANAMA JUNGLEğŸ‡µğŸ‡¦ ll
792,HELLO CHEAPIES ğŸ‘‹ğŸ» $12.90 SGD GRILLED SALMON BENTO BOX DONKI SUPERMARKET CHANGI AIRPORT ğŸ‡¸ğŸ‡¬ SINGAPORE
569,Usa Donkey 2018 || 2 Number Vich America Di Donkey 2018 | Panama Jungle 2018
1127,Donkey INDIA to USAâ€¦. USA VISA .. Success rate
1335,I FINALLY DID IT
1835,Jungle Beat- Munki and Trunk Season 4 Episode 13
56,donkey India to USA ğŸ”¥ğŸ”¥ğŸ™ğŸ™ #2numabri #donkey #usa
166,Panama ğŸ‡µğŸ‡¦ jungel ğŸ¥¹ #usa #shorts #donkey #haryana #2numberi #america #haryanaale #jungel #panama
1383,Sonic Frontiers
386,Panama to Usa Donkey ğŸ‡ºğŸ‡² | Donkey America #shorts
1646,Dunki - Moviereport | Shah Rukh Khan | Taapsee Pannu | Boman Irani |Director - Rajkumar Hirani
199,Donkey to America
424,à¤¡à¥‹à¤‚à¤•à¥€ à¤®à¥‡à¤‚ à¤•à¥ˆà¤¸à¥‡ à¤®à¤¾à¤° à¤¦à¥‡à¤¤à¥‡ à¤¹à¥ˆ à¤²à¥‹à¤—à¥‹ à¤•à¥‹ ? à¤‡à¤¤à¤¨à¥€ à¤¸à¤¾à¤°à¥€ à¤²à¤¾à¤¶à¥‡à¤‚ à¤ªà¤¡à¤¼à¥€ à¤¥à¥€ à¤µà¤¹à¤¾ â˜¹ï¸ğŸ˜” donkey update |USA donkey ğŸ‡ºğŸ‡¸
1041,maxico to USA  Donkey border india to USA da safar feel
1166,usa donkey part-2 à¤œà¤‚à¤—à¤² à¤ªà¤¾à¤° à¤•à¤°à¤¨à¥‡ à¤•à¥‡ à¤¬à¤¾à¤¦ à¤•à¥ˆà¤¸à¥‡ à¤¦à¥€à¤µà¤¾à¤° à¤•à¥‚à¤¦ à¤•à¤° à¤—à¤ à¤¤à¥‹ à¤†à¤—à¥‡ à¤•à¥à¤¯à¤¾ à¤¹à¥à¤†
652,Punjabi in Panama Jungle/Maxico/America Border Crossing
563,latest USA donkey video 2022 panama to Costa Rica ğŸ‡ºğŸ‡²
1744,Dunki | 31 Interesting Facts | Shahrukh 1st Look Out | Rajkumar Hirani Upcoming | Erected In Mumbai
304,USA ki Donkey Update 2021 || Brazil Ecuador Panama Donkey flight | USA Punjabi news.
647,Panama&#39;s jungle story ğŸ˜­ #donkey #youtube #usa #instagram #channel #subscribe
1205,IndiağŸ‡®ğŸ‡³ to AmericağŸ‡ºğŸ‡¸||Panama jangleğŸ•ï¸||usa donkey||Part-2 panama ki full video
290,ğŸ‡ºğŸ‡¸USA donkey new updatesâœ¨/panama jungle/mexico border/ international shorts$$
1607,Keith Eats &amp; Drinks Everything At Dunkin Donuts
834,USA ğŸ‡ºğŸ‡¸ DONKEY VIDEO || MEXICO BORDER CROSSING TO USA ENTER FULL VIDEO #usa #tranding
880,"Live ğŸ”´ India to USA donkey 2022 , Punjabi, Indian boy&#39;s enter to Mexico border India to America"
1890,Donkey Sex: The Most Bizarre Tradition
1836,Salaam Venky - Official Trailer | Kajol | Vishal Jethwa | Aamir Khan | Revathy | 9th Dec 2022
1192,USA Donkey I India to USA I #shorts
1203,India Airport to America wali meri jaan ğŸ¥° @DonkeyAmericaki #usa #donkey #viral #jaan #bhai #dost
1243,#shorts #trending #trendingshorts #shortsvideo #viralshorts #viral #india #canada  #uk #usa #donkey
791,à®¯à®¾à®´à¯à®ªà¯à®ªà®¾à®£à®¤à¯à®¤à¯à®•à¯à®•à¯à®®à¯ India-à®•à¯à®•à¯à®®à¯ à®ªà¯à®¤à¯ à®‰à®±à®µà®¿à®©à¯ à®ªà®¾à®²à®®à¯ â™¥ï¸ | Jaffna Airport | Rj Chandru Vlogs
366,USA DONKEY ğŸ‡ºğŸ‡² VIDEO || PANAMA JUNGEL DONKEY VIDEO || Part- 3 à¤ªà¤¨à¤¾à¤®à¤¾ à¤œà¤‚à¤—à¤² à¤¡à¥‹à¤‚à¤•à¥€ à¤µà¥€à¤¡à¤¿à¤¯à¥‹ ! #tranding
210,USA DONKEY WALE ğŸ‡ºğŸ‡²||USA&amp; MAXICO BOARDER|PANAMA JUNGLE ENTRY â›”|#california#usa#canada #australia
334,"USA Donkey 2022 new update , #panama jungle#usa donkey | #donkey America"
844,Today Mexico to Usa Border Crossing ğŸ‡ºğŸ‡²| America Donkey ğŸ™ #shorts
804,Got a Flight Layover in Saudi Here&#39;s How to Get FREE Hotel and Visa!
119,Chin Ne bheja spy balloon America Karega Chin per Hamla Modi Jaenge United State
1697,Dunki Movie Official Teaser Trailer | Shahrukh Khan | Taapsee Pannu | Rajkumar Hirani
1676,The Donkey in the Lionâ€™s Skin | Aesop&#39;s Fables | Pinkfong Story Time for Children
1662,Donki
885,"à¨•à¨¿à¨µà©‡à¨‚ à¨²à©±à¨—à¨¦à©€ à¨¹à©ˆ America à¨¦à©€ Donkey, à¨…à¨¸à©€à¨‚ 10-10 à¨¦à¨¿à¨¨ à¨¸à¨¿à¨°à¨« à¨ªà¨¾à¨£à©€ à¨ªà©€ à¨•à©‡ à¨¸à¨¾à¨°à¨¦à©‡ à¨¸à©€ | Punjab News"
1499,Pushpa 2 vs Dunki #shorts #srk #alluarjun #pushpa2 #dunki #pathan
1556,Donkey And His Little Human Brother | The Dodo
1286,India ğŸ‡®ğŸ‡³ to USA ğŸ‡ºğŸ‡¸ donkey vlog starting ğŸ˜¨
985,USA Donkey I india to usa donkey I #shorts
1451,Shahrukh Khan releases new video on his upcoming film Dunki
1549,Dunki Connected With Munna Bhai chale America...
1448,Young Lions Mercilessly Attack Donkey Herd | Natural World: Desert Lions | BBC Earth
1158,donkey America
503,Usa donkey panama jungle first camp
71,USA Donkey video 2022 | Danger situations in america donkey ğŸ‡ºğŸ‡² | india to america donkey video
1657,#dunki Movie Shooting In Saudi Arabia  | shah rukh khan | Dunki Teaser | Dunki Shooting Video
1365,"à¤…à¤œà¤¿à¤¤ à¤¡à¥‹à¤­à¤¾à¤² à¤…à¤®à¥‡à¤°à¤¿à¤•à¤¾ à¤®à¥‡à¤‚, à¤•à¥à¤¯à¤¾ à¤¹à¥ˆ à¤ªà¤¾à¤•à¤¿à¤¸à¥à¤¤à¤¾à¤¨ à¤•à¤¾ à¤ªà¥à¤²à¤¾à¤¨ | Ajit Doval in USA, New plan for Pakistan !"
79,india to america train|| #shorts #viral #trending #donkey #america #canada
1277,Today Mexico To Usa Border Crossing ğŸ‡ºğŸ‡² | America Donkey | Usa Donkey Border Crossing
1030,Q&amp;A Video - USA ki donkey | under 18 year |  India to Brazil flights-Mexico donkey - Asylum in USA.
1664,Libya Sy Italy Ki Dunki | Pakistan Sy Italy Jane Ke 3 khatarnak Rasty â¤ Shahzad Stories
646,Panama jungle ğŸ˜ğŸ‡ºğŸ‡¸USA Donkey  2nd camp
1916,KVJ TV 2-8-2023
1877,SHAHRUKH KHAN KE is 7 movies ke samne PATHAAN BHUL JAOGE | SRK Upcoming movies | Review Mintra
1826,Mark Wahlberg Talks to Animals - SNL
1271,usa donkey I india to usa I is it a fun I #shorts
1670,Dunki l Title announcement l shar rukh khan l Dunki teaser l 21Aug ll
143,India &amp; Pakistan to Serbia Europe Donkey Ki Sachiye | à¨‡à©°à¨¡à©€à¨† à¨…à¨¤à©‡ à¨ªà¨¾à¨•à¨¿à¨¸à¨¤à¨¾à¨¨ à¨¤à©‹à¨‚ à¨¡à©Œà¨•à©€ à¨¦à©€ à¨¸à¨šà¨¾à¨ˆ
1580,|| Dunki Movie Next Part Scene Shahrukh Khan #dunki #shorts
976,Title 42 US | Usa Mexico Donkey | USA Mexico Border Update | India To USA Donkey#usadonkey#mexico#us
385,USA donkey | India to usa donkey | #shorts #2022 #viral #viralvideo #usa #like #subscribe ğŸ™ğŸ‡ºğŸ‡¸ğŸ‡®ğŸ‡³
440,USA Mexico Border usa donky India To USA Mexico Panama Jungle donkey #usa #panama #shorts #india
764,IndiağŸ‡®ğŸ‡³To USAğŸ‡©ğŸ‡¬ | à¤¦à¤¿à¤²à¥à¤²à¥€ à¤¸à¥‡ à¤¸à¤«à¤¼à¤° à¤¶à¥à¤°à¥‚ First Flight Part- 01 | Haryanvi to Donkey Ways America Vlogs
1724,DUNKI | Official Trailer | Shah Rukh Khan | Dunki Movie First Look | Dunki Movie Trailer | #Dunki
965,Amerika Donkey | USA Donkey | India To USA Donkey 2022 #usadonkey
931,Mexico to USA Donkey Real Truth 2019
404,USA DONKEY ğŸ‡ºğŸ‡² VIDEO || PANAMA JUNGEL DONKEY || AMERICA CEMP #trending #panama #usa #donky #explore
1715,pakistan se turkey  ki danki || istanbul donkey || iran turki dunki information
1731,Jawan Pathaan And Dunki Is Hit Before Its Release ğŸ˜± || Srk Comeback Like A King ğŸ‘‘ #shorts
1111,usa donkey new rules and regulations 2022 à¤¡à¥‰à¤¨à¥à¤•à¥€ à¤²à¤—à¤¾à¤¨à¥‡ à¤•à¥‡ à¤–à¤¤à¤°à¥‡ à¤”à¤° à¤¨à¤ à¤•à¤¾à¤¨à¥‚à¤¨ à¤§à¥à¤¯à¤¾à¤¨ à¤¸à¥‡ à¤¦à¥‡à¤–à¥‡à¤‚ à¤µà¥€à¤¡à¤¿à¤¯à¥‹ğŸ™ğŸ»ğŸ™ğŸ»
1573,dunki video#funnyshorts
200,USAğŸ‡ºğŸ‡¸ğŸ‡ºğŸ‡¸ donkey wale in panama  forest
556,USA DONKEY WALE ğŸ‡ºğŸ‡²ğŸ‡®ğŸ‡³||PANAMA JUNGLE ENTRY ğŸš«ğŸ¥µ||#usa #canada #australia #india
523,Mexico kandh #mexicoborder #usadonkey #indiatousa #panama #usa #mexico #america #punjabi  #donki
1299,USA donkey ğŸ‡ºğŸ‡² Peru se leke Ecuador ka safar
251,Usa donkey||america donkey||panama jangle|| Mexico border crossing video
1427,SHREK Clip - &quot;Talking Donkey&quot; (2001)
1567,Dunki Teaser Trailer REVIEW | Release Date Update | Suraj Kumar Fc
980,USA Donkey I India to USA I Panama k Jungle I #shorts
1712,Tension (Full Video) Nijjar feat. Karan Aujla | Deep Jandu | Rupan Bal I Latest Punjabi Songs 2018
1438,The Lazy Donkey in English | Stories for Teenagers | @EnglishFairyTales
572,Donkey Punjab to USA | Jungle May Death ğŸ˜­ | Panama jungle | Donke Update
1820,Dunkin&#39; With Donkey Kong &amp; Pyra
1047,INDIA TO USA DONKEY ROUTE ğŸ‡ºğŸ‡² FULL USA DONKEY ROUTE DETAILS|| USA DONKEY MAI KAISE AATE HAI #donkey
1759,Halloween Trick or Treat - 20+ Minutes - Hey Duggee - Duggee&#39;s Best Bits
246,NYC Pays Migrants&#39; Bus Tickets to Canada. Eric Adams Says What Texas Did Was Worse | NBC New York
1036,à¤†à¤œ à¤°à¤¾à¤¸à¥à¤¤à¥‡ à¤®à¥‡à¤‚ India à¤•à¤¾ à¤­à¤¾à¤ˆà¤‚ à¤®à¤¿à¤² à¤—à¤¯à¤¾ // #donkey #america #usa #Rinkupandit
1180,à¨†à¨ªà¨£à©‡ à¨µà©€à¨° à¨…à¨®à¨°à©€à¨•à¨¾ à¨µà¨¾à¨²à©‡#usa donkey wale#india to usa donkey lover# Usa ğŸ‡ºğŸ‡² Donkey Wale California ğŸŒğŸ§³#USA
578,à¤¯à¥‹ à¤•à¤¾à¤® à¤­à¥€ à¤–à¤¼à¥à¤¦ à¤ à¤•à¤°à¤¨à¤¾ à¤ªà¤¡ à¤¹à¥ˆ #america #donkey #2numabri #panama #usa #india #viralshot
173,Panama donkey in boat
13,Donkey America ğŸ‡ºğŸ‡² | Donkey 2022 | Usa Donkey | Mexico Border Crossing to Usa
361,Asylum processğŸ‡ºğŸ‡¸ #usadonkey #mexicoborder #indiatousa #usa #mexico #panama #america #punjabi
1668,Turkey Se Unan Ki Dunki By Road|Greece||Full Informaion 2020|
1474,(NR) Tzgwala x YA x Lucii - Dunkin Donuts (Music Video) Prod. By SvOnTheBeat | Pressplay
1714,New Omelet Bites from Dunkinâ€™
1753,à¦¶à¦¾à¦¹à¦°à§à¦– à¦–à¦¾à¦¨à§‡à¦° &#39;à¦¡à¦¾à¦‚à¦•à¦¿&#39; à¦¸à¦¿à¦¨à§‡à¦®à¦¾à¦° à¦¸à§‡à¦Ÿà§‡ à¦—à§‹à¦®à§‚à¦¤à§à¦° à¦¹à¦¾à¦¤à§‡ à¦¬à¦¿à¦•à§à¦·à§‹à¦­ || Shahrukh Khan || Dunki
773,IndiağŸ‡®ğŸ‡³To USAğŸ‡©ğŸ‡¬| à¤¦à¤¿à¤²à¥à¤²à¥€ à¤¸à¥‡ à¤¸à¤«à¤¼à¤° à¤¶à¥à¤°à¥‚ First Flight Part- 02 | Haryanvi to Donkey Ways America Vlogs
1256,ğŸ‡ºğŸ‡¸USA Donkey mein fasen IndianğŸ‡®ğŸ‡³
421,USA Donkey panama jungle Mexico
787,Students life ğŸ‡®ğŸ‡³ to ğŸ‡¨ğŸ‡¦ğŸğŸ‡¬ğŸ‡§ğŸ‡ªğŸ‡ºğŸ‡¦ğŸ‡ª || usa donkey ğŸ‡ºğŸ‡¸ #canada #america #usadonkey #studentvisa #punjabi
1620,Dunkin DonkeyğŸ˜‚ğŸ´
93,IndiağŸ‡®ğŸ‡³ seğŸ‡ºğŸ‡¸ America panama ğŸ™
1892,ãˆãˆã­
921,Europe to USA ğŸ‡ºğŸ‡¸ donky/America donky Europe Trc @Parmhungary
1115,ğŸ‡®ğŸ‡³India to USA ğŸ‡ºğŸ‡¸ America donkey wale 40 lakh wale
1829,Kobe Bryant&#39;s Best 40 Dunks Of His NBA Career!
824,PANAMA JUNGLE PART (1) FULL DETAIL ASHU ROR USA DONKEY ğŸ‡ºğŸ‡¸
1063,Usa trucking night lifeğŸš¨#shorts #usa #indian #india#donkey #america #night #live #life #viralvideo
718,USA donkey Mexico American 2021 updates october 2021 USA donkey danki
655,USA donkey Panama Jungle donkey 2022 kaithal Haryana|| India To amarica maxico donky #shorts
589,#funny #comedy #vlog #duet #food #fitness #iphone #gym #shooting #stitch #bodybuilding #automobile
63,India ğŸ‡®ğŸ‡³ to America ğŸ‡ºğŸ‡² [latest video 2023] #donkey #2numbri #youtube #shorts #video #viral #usağŸ‡ºğŸ‡²ğŸ¯â›³ï¸
518,Brazil Panama Mexico | Flight Route | USA Donkey Flight | Airport immigration | Visit Visa 2022 .
458,usa donkey ğŸ‡ºğŸ‡¸ Panama jungle
973,India to usa Donkey ğŸ˜±ğŸ˜± #trending  #usadonkey #india #trendingvideo #shortsvideo
694,#usa donkey wale 2022 #panama jungle
878,mexico border crossing to usa...|| usa donkey 2022 || usa donkey border crossing || donkey ||
1228,India ğŸ‡®ğŸ‡³ to usa ğŸ‡ºğŸ‡² | America donkey | Cambodia stay | grocery shopping in Cambodia ğŸ‡°ğŸ‡­ |
617,Donkey at Mexico border | donkey vlog | usa | donkey experience in punjab | Panama&#39;s jungle | canada
1460,à¤¡à¤¿à¤Ÿà¥‡à¤•à¥à¤Ÿà¤¿à¤µ à¤¡à¥‹à¤‚à¤•à¥€ | Detective Donkey in Hindi | @HindiFairyTales
1915,Dunky Punch
1313,Haryana me Trend chal gya hai ğŸ¤˜ğŸ¤˜ğŸ¤˜ @DonkeyAmericaki #donkey #usa #viral #haryana #trend
952,USA DONKEY MEXICO BORDER CROSSING VIDEO ğŸ‡ºğŸ‡²ğŸ‡ºğŸ‡²ğŸ‘ğŸ‡ºğŸ‡¸ğŸ‡ºğŸ‡¸
491,USA DONKEY | WITHOUT BOUND | POLICE CHASING| PANAMA JUNGLE | SUBSCRIBE | SHARE
99,india to usa ğŸ‡ºğŸ‡¸ ğŸŒ panama ğŸ‡µğŸ‡¦ jungle live dakhy à¤¯à¥‡ à¤¸à¤šà¤¾à¤ˆà¤¯à¤¾ koi ni dikhata part -2
1142,"india to Usa ||Story of Refugees In USA , UK , Germany ||"
960,ğŸ‡®ğŸ‡³INDIA TO USAğŸ‡ºğŸ‡² DONKEY
709,"25 à¤¦à¥‡à¤¶à¥‹à¤‚ à¤•à¥€ à¤¡à¥‹à¤‚à¤•à¥€ à¤²à¤—à¤¾à¤•à¤° à¤†à¤¯à¤¾ à¤µà¤¾à¤ªà¤¿à¤¸ | à¤¦à¤¿à¤² à¤¦à¤¹à¤²à¤¾ à¤¦à¥‡à¤¨à¥‡ à¤µà¤¾à¤²à¥€ à¤¬à¤¾à¤¤ , à¤°à¥‚à¤¹ à¤•à¤¾à¤‚à¤ª à¤œà¤¾à¤à¤—à¥€ | Swag Media | Ajay Gill"
543,USA Donkey || Panama Jungal video || USA Donky Video 2022 || USA Amarica Maxico Border || #usa visa
1485,Horizon Forbidden Game
1579,Donkey Donut (Dunkin&#39; Donut Best Buds Combos PARODY)
745,USA Donkey #usadonkey #usa #usarmy
1322,ğŸ‡¸ğŸ‡· toğŸ‡ºğŸ‡²usa donkey #usa #donkey #panama #canada #maxico #amazing #beach #america #europe
1827,SHAH RUKH KHAN&#39;S DUNKI FIRST LOOK REVIEW BY AAMIR ANSARI | RAJKUMAR HIRANI | BLOCKBUSTER
1289,#maxico#to#USA#donkey# la k farar  indian boys ka trevel indian to Maxico to USA
1854,ã€D.U.N.K.ã€‘ã“ã‚Œãè¦‹ãŸã‹ã£ãŸéŸ³æ¥½ç•ªçµ„ï¼ãã‚Œãã‚Œã®ç¹‹ãŒã‚Šã«æ„Ÿå‹•ï¼ï¼2è©±æ„Ÿæƒ³
850,India to  Usa Donkey video âœˆï¸(Crosing mexico border) video
853,USA : Mexico Donkey From India To America â€¢ 2021
287,BYE BYE EMOTIONAL PUNJAB CANADA | STUDENT | FAMILY REACTION
1079,USA Donkey I India to USA I #shorts
1415,Dunki à¤¯à¤¾à¤¨à¥€ à¤—à¤§à¤¾?  Dunki Teaser || SRK || Rajkumar Hirani || Everything || #shorts #ytshorts
1685,SRK Dunki Title Announcement | REACTION | Dunki Teaser | SHAHRUKH KHAN | Rajkumar Hirani | SRKians
1839,Dunki Office Trailer : Latest Update | Shahrukh Khan | Boman Irani | Taapsee Pannu
690,Panama donkey usa 2 group start hogya hai#donkey #trending #pakistan #usa
7,USA CAMP FULL VIDEOS || usa donkey || America border crossing punjabi || Mexico to USA
1109,USA donkey ||America Donkey ||Mexico Bader Crossing video || New Video || US Donkey || India to USa.
1404,Funny Donkey Videos - Funny Animals Videos
234,usa donkey panama jungle 2022 l America wala l maxico wali kand l 2 numbari
1793,Donkey Meets Shrek for the First Time | Classic Clip + Bonus Feature | Shrek
1206,"Usa Donkey New Video 2022 ğŸ‡ºğŸ‡²,| America donkey | Usa Border Crossing 2022"
428,Panama jungle USA DONKEY INDIA 2 USA
109,"ğŸ‡®ğŸ‡³ INDIA WALKING TOUR, NEW DELHI 2023, BUSY STREETS OF SADAR BAZAAR, NEW DELHI WALKING TOUR, 4K"
1176,usa donkey new video 2022 ğŸ‡ºğŸ‡² | Mexico border crossing | Indian boys in donkey | 2022 #donkey
1643,Pakistani Reacts To Dunki | Title Announcement | Shah Rukh Khan | Taapsee Pannu | Rajkumar Hirani
179,Panama jungle USA donkey
1265,USA donkey wala 2 numberi Jatt border crossing by Mexico #short #canada #usa #mexico #usaborder
259,#tranding1 Jungal Panama USA donki #donki #usadonki #vairl #india #pamama
1729,UNKNOWN Facts of Donkey Flight  Explained by Suman Vyas | à¤•à¥à¤¯à¤¾ à¤¹à¥ˆ DUNKI ? #Dunki #Donkeyflight #tsvs
471,PANAMA JUNGLE || DONKEY 2022 INDIA TO USA || PART 1  @billavlogs06
996,INDIA ğŸ‡®ğŸ‡³ TO USA ğŸ‡ºğŸ‡¸ DONKEY | USA à¤•à¥€ à¤¦à¥€à¤µà¤¾à¤° à¤•à¥‚à¤¦à¤¨à¥‡ à¤•à¥‡ à¤¬à¤¾à¤¦ à¤•à¥à¤¯à¤¾ à¤¹à¥‹à¤¤à¤¾ à¤¹à¥ˆ | USA Donkey Full Details
1007,USA DONKEY#india to usa donkey#reels#pakke usa wale California#pakke amrica wale#Mexico bordar#
942,USA Donkey I india to usa donkey I #shorts
947,America Donkey flight | illegal immigrants in USA | US immigration 2023 Good News Joe Biden
1224,USA Mexico Border Donkey Latest Update Condition | America Donkey Crossing | Awinash Neutral
295,USA donkey status | India to USA by mexico donkey |
1318,"usa dhonky,what is usa donkey,donkey route to usa,after donkey in america,donkey way"
416,Panama to America Donkey Flight | Panama Borders flight visa update for Pakistani citizen.
285,America entryğŸ‡ºğŸ‡¸ğŸƒğŸ» #usadonkey #usa #america #mexicoborder #mexico #donki #india #indiatousa #punjabi
1052,SEA DONKEY to America(Donki)
1635,Dunkin&#39; Donkey
1237,India To USA Donkey #usavisa #workpermitvisa #usadonkey #freeusavisa #usavisaexpert #donkeyusa
1896,"â¤ï¸High Springs, Florida 2023 â¤ï¸ Small Town With Awesome Vibes â¤ï¸ Florida Best Kept Secret Town â¤ï¸"
1274,New USA Donkey Video | panama jungle crossing | Indian boys in donkey | 2022
592,Jatt Amarica Wala nii || Amarica Maxico || Usa Panama Jungle donkey full video #usa #shorts
402,29000 crossed in this october ğŸ‡ºğŸ‡¸ #usadonkey #mexicoborder #usa #panama #mexico #america #donki
1545,Dunki Teaser Trailer REVIEW | Deeksha Sharma
1290,USA DONKEY ğŸ‡ºğŸ‡¸MEXICO FULL UPDATE ||BHOT BURA HALğŸ˜“ HUA MEXICO MAI
1733,Pathaan à¤•à¥‡ à¤¬à¤¾à¤¦ Shahrukh Khan à¤•à¥€ Dunki Film à¤•à¤¾ à¤­à¥€ à¤µà¤¿à¤°à¥‹à¤§ | à¤µà¤¨à¤‡à¤‚à¤¡à¤¿à¤¯à¤¾ à¤¹à¤¿à¤‚à¤¦à¥€ | *News
277,Donker helping to Donkies ğŸ‡²ğŸ‡½ğŸ‡ºğŸ‡¸ #usadonkey #mexicoborder #usa #panama #mexico #america #portugal
1859,New Episode! Strange Brew ğŸŒ | Jungle Beat: Munki and Trunk | Kids Animation 2021
1086,USA Donkey I India to USA I #yt20 #yt20shorts #shorts
1723,Dunki First Song : Pardesh Mere | Shahrukh Khan | Taapsee Pannu | Kanika Dhillon | GV Prakash
82,not easy usa donkey ğŸ‡ºğŸ‡²ğŸ‡ºğŸ‡²ğŸ‡ºğŸ‡²
733,à¤¤à¥‹ à¤«à¤¿à¤° à¤‡à¤¸ à¤œà¤‚à¤—à¤² à¤®à¥‡à¤‚ à¤•à¥à¤¯à¥‹à¤‚ à¤œà¤¾à¤¤à¥‡ à¤¹à¥ˆà¤‚ à¤‡à¤¤à¤¨à¥‡ à¤²à¥‹à¤— [Colombia: The perilous path to a new future]
1215,Usa donkey checking immigration guatemala #panama #usa #viral #donkey #india #haryana #trending
1367,turkey ne pakistan ko kiya zaleel - bharat ko madad bhejne me  pakistan ne nahi diya air space
1677,Dunki | Shahrukh Khan | Poster Release | Official Teaser | A Rajkumar Hirani Film | Fan Made
479,America&#39;s Trumped-Up Donkey| haryana  to usa donkey | panama border crossing
292,ğŸ‡ºğŸ‡¸USA donkey new updatesâ¤ï¸/usa mexico border/panama jungle/international shorts#shorts $$
848,IndiağŸ‡®ğŸ‡³se Direct AmericağŸ‡ºğŸ‡¸ (USA) .full details in this video @kamlikhotasikka #haryana #Donkey
418,Panama Jungle Mein Ek Raat ğŸ˜°| Very Dangerous Experience ğŸ˜±| USAğŸ‡ºğŸ‡¸ Donkey| Donkey 2022 Oct Nov
1828,Animal Sounds - Donkey
90,"To Cut Long Waiting Period For US Visas, New Rules For Indians"
1338,"à¤ªà¤¾à¤• à¤°à¤¾à¤œà¤¦à¥‚à¤¤ à¤¨à¥‡ UN à¤®à¥‡ à¤œà¥‹ à¤¬à¥‹à¤²à¤¾ à¤…à¤¬ à¤œà¥‚à¤¤à¥‡ à¤–à¤¾à¤à¤—à¤¾ à¤ªà¤¾à¤• , pak media on india latest || pakistani reaction"
1484,Aaja Mexico Challiye | Official Trailer | Ammy Virk | Thind Motion Films | Releasing 25th Feb 2022
1319,#usadonkey #panamajungle #panama #americadonkey #calfornia #dollar #melbourne #maxico #indiatousa
1059,america donkey wale jaat ğŸ‡ºğŸ‡¸ğŸ‡ºğŸ‡¸ğŸ‡ºğŸ‡¸india to usa âœŒğŸ‡ºğŸ‡¸ğŸ‡ºğŸ‡¸
1686,Donkey! | Gabriel Iglesias
249,à¨ªà©ˆà¨°à©‹à¨² &#39;à¨¤à©‡ à¨†à¨ à¨¬à©°à¨¦à©€ à¨¸à¨¿à©°à¨˜ à¨¨à©‡ à¨†à¨¹ à¨•à¨¿ à¨†à¨– à¨¦à¨¿à©±à¨¤à¨¾?
1251,Panama ğŸ‡µğŸ‡¦ Jungle Part 01 | à¤ªà¤¨à¤¾à¤®à¤¾ à¤œà¤‚à¤—à¤² à¤®à¥‡à¤‚ à¤•à¥à¤¯à¤¾ à¤¹à¥ˆ??à¥¤ Full Details | à¤ªà¤¹à¤²à¥€ à¤ªà¤¹à¤¾à¤¡à¤¼à¥€ ğŸ¤¯| USA ğŸ‡ºğŸ‡¸Donkey
537,#india to #usa #donkey #panama #jungle #maxico ğŸ‡ºğŸ‡²ğŸ‡ºğŸ‡²ğŸ‡®ğŸ‡³ğŸ‡ºğŸ‡²ğŸ‡ºğŸ‡²ğŸ‡®ğŸ‡³ğŸ‡ºğŸ‡²ğŸ‡ºğŸ‡²ğŸ‡®ğŸ‡³ğŸ‡ºğŸ‡²ğŸ‡ºğŸ‡²ğŸ‡®ğŸ‡³ğŸ‡ºğŸ‡²ğŸ‡ºğŸ‡²ğŸ‡®ğŸ‡³ğŸ‡ºğŸ‡²ğŸ‡ºğŸ‡²ğŸ‡®ğŸ‡³
1125,à¤…à¤®à¥‡à¤°à¤¿à¤•à¤¾ à¤®à¥‡à¤‚ à¤•à¤¼à¥‡à¤¸à¥‡ à¤•à¤ªà¤¡à¤¼à¥‡ wash à¤•à¤°à¤¤à¥‡ à¤¹à¥¤/ #Londri#america #usa #donkey#india #bgmi #blackfridaywalmart
1399,humpty dumpty sat on a wall | nursery rhymes Farmees | kids songs | baby rhymes by Farmees
564,Today crossed 400 #mexicoborder #usadonkey #usa #panama #donki #america #indiatousa #mexico
1100,USA Donkey I india to usa donkey I #shorts
375,USA ğŸ‡ºğŸ‡¸ BORDER   DONKEY | à¨…à¨®à¨°à©€à¨•à¨¾ à¨¬à¨¾à¨°à¨¡à¨°    #SUBSCRIBE
437,After Panama ğŸ‡²ğŸ‡½ğŸ‡ºğŸ‡¸ #usadonkey #mexicoborder #usa #america #punjabi #mexico #donki @SELFSION
628,Panama Jungle Vlog | à¤•à¤¿à¤¤à¤¨à¤¾ à¤•à¥à¤› à¤à¥‡à¤²à¤¨à¤¾ à¤ªà¤¡à¤¼à¤¾ | Usa Donkey Vlog ğŸ˜‚ à¤®à¤°à¤¤à¥‡ à¤®à¤°à¤¤à¥‡ à¤¬à¤šà¥‡ #vlog #usadonkey #funny
657,#usa #donkey #cali #california #shorts  #panama #mexico #kurlansportslive #haryanvi #usa #haryana
913,USA donkey to india
163,Donkey la k amrica USA jaan vale kidan raste vich maar jande ne dekho veer360p WebM
1701,à¤—à¤§à¤°à¤‚à¤— à¤­à¤¾à¤ˆ à¤•à¥€ à¥à¥Œà¤œ | Funny videos for kids in Hindi | à¤¬à¤šà¥à¤šà¥‹à¤‚ à¤•à¥€ à¤•à¤¹à¤¾à¤¨à¤¿à¤¯à¤¾à¤ | à¤¹à¤¨à¥€ à¤¬à¤¨à¥à¤¨à¥€ à¤•à¤¾ à¤à¥‹à¤²à¤®à¤¾à¤²
728,usa donkey ğŸ‡ºğŸ‡¸part 2 ( pamana  jagal ğŸ‡µğŸ‡¦to to mexico donkey ğŸ‡ºğŸ‡¸) 2023 #usadonkey
1514,Dunki Shooting Latest Update || SRK And Rajkumar Hirani Dunki DOP Quite Movie
261,india to usa donkey donkey way of panama jungle boy
372,Usa Donkey New Video | Panama jangle | America donkey Video
837,India ğŸ‡®ğŸ‡³ to ğŸ‡ºğŸ‡¸USA
1653,Cute Dunki Film 2 | Donkey King Video
427,Girls donki#america #donki #mexico #usa #panama #usadonkey #mexicoborder #punjabi #indiatousa #india
474,USA Ki Danki Panama Colombia Ke Jungle Mein Kya Hua Episode 5 ØªØ§Ø±Ú©ÛŒÙ† ÙˆØ·Ù† Ú©ÛŒ Ú©ÛØ§Ù†ÛŒØ§Úº  LalGulab
847,Usa Donkey ğŸ‡ºğŸ‡¸ à¨µà¨¿à©±à¨š à¨®à©à©°à¨¡à©‡ à¨¨à©‚à©° Mafiya à¨¨à©‡ à¨—à©‹à¨²à©€ à¨®à¨¾à¨° à¨¦à¨¿à©±à¨¤à©€ ğŸ¤¬ Usa Donkey Border Crossing #shorts
1219,Usa Donkey ğŸ‡ºğŸ‡² à¤®à¥‡ à¤²à¤¡à¤¼à¤•à¥€ à¤•à¤¾ à¤¬à¤²à¤¾à¤¤à¤•à¤¾à¤° à¤•à¤° à¤¦à¤¿à¤¯à¤¾ à¤¡à¥‹à¤¨à¤•à¤° à¤¨à¥‡ ğŸ˜¡ | America Donkey |Mexico to Usa Border Crossing
112,Kishan is Here in INDIA !!! After 4 years ..... Welcome Home @kishanell !!!
1272,USA Donkey || INDIA to AMERICA || 2NUMBERI || MEXICO TO USA BORDER. ||Ammy virk movie
1910,Who&#39;s my Neighbor? | Red Flags
1599,#dunki Movie Shooting In Saudi Arabia | shah rukh khan | Dunki Teaser | Dunki Shooting Video
1487,DUNKI N BMCM ....BIG CLASH
1850,Dunki Movie - à¤¶à¤¾à¤¹à¤°à¥à¤– à¤–à¤¾à¤¨ à¤•à¥€ à¤«à¤¿à¤²à¥à¤® à¤•à¤¾ à¤¨à¤¾à¤® à¤¡à¤‚à¤•à¥€ à¤¹à¥€ à¤¨à¤¾à¤® à¤•à¥à¤¯à¥‹à¤‚ à¤°à¤–à¤¾ ?  Reason For Dunki Movie Title
904,Indian to Canada to USA Illegal Donkey (Entry) | Life or Death? - MK Vlogs
570,USA Donkey 2022 | Panama Jungle camp at night | USA donkey by haryanvi boys | #usadonkey #america
31,mexico to usa illegal [india pakistan bangladesh] PARTS 1 USA KI donkey  2018 in URDU&amp;HINDI.
692,USA Ki Danki Panama | Panama jungle Donkey Punjabi | à¨ªà¨¨à¨¾à¨®à¨¾ à¨œà©°à¨—à¨² à¨¡à©°à¨•à©€  ğŸ‡µğŸ‡¦ğŸ‡ºğŸ‡¸ | à¨¡à©°à¨•à©€ à¨¯à©‚ à¨à¨¸ à¨ à¨¡à©€ .
504,usa donkey 2022 Panama jungle Ecuador to Mexico #usadonkey #rorboys
1611,Dunki - A Traveller| Official Trailer | Shahrukh Khan| Rajkumar H| Taapsee Pannu | Facts
1880,Pathaan vs KGF 2 vs RRR Box Office Collection REACTION | Deeksha Sharma
1012,El salvador to usa illegal [ india pakistan afghanistan ]USA KI DONKEY PARTS 5 2018 in URDU&amp;HINDI.
1894,MAX Experience BATIK AIR Malaysia Flight OD318 KL-Jakarta
152,India ğŸ‡®ğŸ‡³ To USA ğŸ‡ºğŸ‡¸ | Part -03 | Donkey Started ğŸ˜ˆ| Donkey 2022 | 2 Numbari âœŒğŸ»| America ğŸ‡ºğŸ‡¸
1844,Dunki Official Trailer : Satara Shooting | Shahrukh Khan | Taapsee Pannu | Rajkumar Hirani
1884,The World&#39;s Most Caffeinated Coffee 1555mg!  Devil Mountain&#39;s Black Label.  7x Stronger than Dunkin
846,India to Usa Donkey ğŸ‡ºğŸ‡²| America donkey Wale #shorts
545,ğŸ”´LIVE USA donkey information update | PANAMA JUNGLE DONKEY UPDATE
854,USA Donkey I india to usa donkey I #shorts
103,Usa Donkey ğŸ‡ºğŸ‡² à¨µà¨¿à©±à¨š 2 à¨¸à¨¾à¨² à¨¦à¨¾ à¨¬à©±à¨šà¨¾ à¨¨à¨¾à¨² à¨¬à¨¿à¨¨à¨¾à¨‚ à¨®à¨¾à¨‚ à¨¤à©‹à¨‚ ğŸ™ | Donkey America #shrots
1410,Shahrukh Khan In Saudi Arabia For Dunki Shooting
794,à¨²à©±à¨¤ à¨Ÿà©à©±à¨Ÿ à¨—à¨ˆ à¨µà¨¿à¨šà¨¾à¨°à©€ à¨¦à©€ à¨¡à¨¿à©±à¨— à¨•à©‡ #shorts #trending #sidhumoosewala
1895,Ja was flying ğŸ˜³ #shorts
810,Tejas Mark 2 à¤•à¥€ 10 à¤–à¥à¤¬à¤¿à¤¯à¤¾ à¤†à¤ˆ à¤¦à¥à¤¨à¤¿à¤¯à¤¾ à¤•à¥‡ à¤¸à¤¾à¤®à¤¨à¥‡ ... à¤…à¤®à¥‡à¤°à¤¿à¤•à¤¾ à¤•à¥‡ à¤•à¤¾à¤¨ à¤¸à¥‡ à¤¨à¤¿à¤•à¤²à¤¾ à¤§à¥à¤à¤† | Indias Aircraft
1412,The Good Year
883,todayTexas border crossingğŸ‡ºğŸ‡² Mexico to America bordercrossing  #donkey#india to usa #punjabidonkey
65,USA donkey 2022 | Mexico border crossing â€¢ indian boys | USA donkey 2022
859,USA Donkey I India to USA I USA Donkey 2022 I #shorts
62,ğŸ‡®ğŸ‡³ india to USA ğŸ‡ºğŸ‡¸ donkey kon kon s raste s jaye jate h complete video #donkey #usa #@ashuror22
627,Donkey entry in America | Mexico border cross |
1305,America Wala Jatt ğŸ‡ºğŸ‡¸ğŸ¤Ÿ #shorts #2numabri #donkey #trending #america #viral #usa #usadonkey
1010,India ğŸ‡®ğŸ‡³ To USA ğŸ‡ºğŸ‡¸ | Part - 02| Donkey 2022| Second Flight| 2 Numbari âœŒğŸ»| America ğŸ‡ºğŸ‡¸
984,usa visa india to Europe and mexico by air âœˆï¸ï¸not donkey vg visa point spain to Mexico and BelgiumğŸ‡§ğŸ‡ª
28,USA Donkey I india to  usa donkey I #shorts
1481,Dunki kya hai ? What is Dunki ? @learnwithshrey2412
1141,hungry se Italy ka border India se USA ki donki #usa #donkey #europe #work
672,Donkey wale bai America camp
392,Donki #usadonkey #mexicoborder #indiatousa #usa #mexico #punjabi #panama #eaglepass #india #america
1488,Nioh 2 Fun Game
1902,"AUSTIN TEXAS Weekend; Farmers Market, Downtown Austin VLOG"
969,à¤…à¤®à¥‡à¤°à¤¿à¤•à¤¾ à¤œà¤¾à¤¨à¥‡ à¤•à¥‡ à¤²à¤¿à¤ AGENT à¤•à¤¹à¤¾ à¤®à¤¿à¤²à¥‡à¤—à¤¾ ?
566,USA DONKEY ğŸ‡ºğŸ‡² VIDEO || AMERICA CAMP || COLOMBIA  PUNJABI SONG #panama #trending #usa
1846,Slam Dunkin Monke! - Super smash bros. Ultimate (Donkey Kong vs. Little Mac)
483,USA ğŸ‡ºğŸ‡¸ #donkey #2numabri #america #panama #working #hardwork
1837,"Libya to Italy, Libya se Italy donkey 2023, @Saqib Butt Official"
1784,Donkey
349,Pakistan sy Turkey ki donkey by road //Mako phari ka safar.full details with bosal brothers// part 1
138,Panama Jungle Vlogs blogger Donkey Boy&#39;s USA Canada India Blog USA #usa  #shorts #trending #viral
751,travel india to usa Panama jungle
1401,Spider-Man : The Movie : The Game
1139,USA Donkey Route I USA donkey 2022 I india to  usa donkey I
1800,à¤¡à¤‚à¤•à¥€ à¤•à¥€ à¤šà¥‹à¤Ÿ à¤ªà¥ˆà¤‚ | Funny videos for kids in Hindi | à¤¬à¤šà¥à¤šà¥‹à¤‚ à¤•à¥€ à¤•à¤¹à¤¾à¤¨à¤¿à¤¯à¤¾à¤ | à¤¹à¤¨à¥€ à¤¬à¤¨à¥à¤¨à¥€ à¤•à¤¾ à¤à¥‹à¤²à¤®à¤¾à¤²
1634,Mein eigener DUNKIN DONUTS ğŸ© | Restaurant zuhause in der KÃ¼che | Johann Loop
520,USA Donkey || America Donkey || 2 Numbari || Guyana To Panama Route  || Zindgi De Nazarey Diljeet
866,New update 2021 USA donkey Bond information in hindi kitna kharcha aaya
896,Usa Mexico Donkey | USA Mexico Border Update | India To USA Donkey#usadonkey#mexicoborder#border#usa
1605,Dog Becomes Obsessed With A Newborn Donkey | The Dodo Odd Couples
24,USA Donkey I india to usa donkey I #shorts
1417,Why Indians cross US Mexico Border? Donkey Process Explained!!
714,Usa donkey #youtubeshorts #short #viral #shortvideo #shorts
264,Ayo America chaleğŸ‡¨ğŸ‡¦ğŸ‡ºğŸ‡¸|Crossing US border as a Trucker | CANADA-USA | Crossing process explained.
1308,Panama jungal 2nd Day 2023 || USA donkey 2023 Latest Update #panama #panamajungle #usa #usadonkey
1479,Wonky Donkey Vid
744,Panama Jungle ğŸ‡ºğŸ‡¸ 45 à¨ªà©°à¨œà¨¾à¨¬à©€ à¨®à©à©°à¨¡à©‡ à¨•à¨¿à¨¸à¨¼à¨¤à©€ à¨µà¨¿à©±à¨š à¨ªà¨¸à¨¾à¨¹ à¨¦à¨¿à©±à¨¤à¨¾ ğŸ™ | America Border Crossing
1903,Pakistan to Iran Danki video #turkey #unan #italy #europe #Subscribe
1642,Gerry and Ralph Dunkin: Master Miniature Donkey Breeders (Indiana State Fair Masters 2007)
286,A Morning in USA #usadonkey #mexicoborder #indiatousa #usa #mexico #panama #punjabi #america
533,USA donkey ğŸ‡ºğŸ‡¸ğŸ‡ºğŸ‡¸ #usaborder #usadonkey #2numabri #panama #mexico #america #bordercrossing #pindawale
653,Panama Jungle ( USA Donkey)#short #youtubeshorts #shots #viral
1236,Canada  | Donkey flight Canada || Asylum in Canada -- PAKISTANI INDIAN.
757,USA |à¨…à¨®à¨°à©€à¨•à¨¾ DONKEY à¨²à¨¾ à¨°à¨¹à©‡ Sardar à¨¨à¨¾à¨² Donker à¨¦à©€ à¨¹à©‹à¨ˆ à¨²à©œà¨¾à¨ˆ ğŸ‡ºğŸ‡¸ |Donkey 2022 Video
1680,Shahrukh Khan | Pathaan | Jawan | Dunki #shorts #viral #pathan
735,"à¨¡à©Œà¨‚à¨•à©€ à¨°à¨¾à¨¹à©€à¨‚ à¨…à¨®à¨°à©€à¨•à¨¾ à¨¦à¨¾ 40 à¨¦à¨¿à¨¨ à¨¦à¨¾ à¨¦à¨¿à¨² à¨•à©°à¨¬à¨¾à¨Š à¨¸à©à¨°,20 à¨¸à¨¾à¨² à¨¬à¨¾à¨…à¨¦ à¨–à©‹à¨²à©à¨¹à©‡ à¨¸à¨¾à¨°à©‡ à¨°à¨¾à¨œ"
33,"see how ğŸ˜¯ people,s enter in Usa ğŸ‡ºğŸ‡¸ğŸ‡ºğŸ‡¸ || border crosing donkey|| with truck || #shorts #talent"
1492,El Detective Donkey | Detective Donkey in Spanish | @SpanishFairyTales
1434,"ShahRukh Khan Speaks About His Three Upcoming Movies | Pathan, Jawan &amp; Dunki | Live"
1719,Dunki Teaser vs DonkeyğŸ´#shorts#dunkiteaser#srkstatus
739,Live USA Donkey Mexico illegal Border Petrolling Indians Crossing ğŸ‡ºğŸ‡¸&amp;ğŸ‡²ğŸ‡½#bordercrossing#usadonkey
1120,USA donkey video 2021 America donkey new video 2021 India ğŸ‡®ğŸ‡³ to America boarder crossings
1421,"Shah Rukh Khan Latest Interview - Dunki, his 3 years break, Pathaan and OTT REACTION!!!"
34,USA DONKEY I INDIA TO USA I #shorts
1017,"india to usa donkey, usa donkey 2022 #shorts"
606,Panama jungle || usa donkey wale balak #mexico #short #viral
363,"USA Donkey,ğŸ˜³(usa entry without Visa)#usadonkey #panama #usa #visa #imigration #europe#mexicoborder"
1150,USA DONKEY ğŸ‡¨ğŸ‡¦ğŸ‡¦ğŸ‡º || FROM INDIA TO ABROAD || #trending #USA #donkey
629,USA ğŸ‡ºğŸ‡¸ DONKEY GO TO PANAMA JUNGLE || JANNI ROR USA ğŸ‡ºğŸ‡¸
1032,Usa Donkey ğŸ‡ºğŸ‡¸ Panama Jungle to America Journey Real Story | Circle Punjabi
1904,YouTube Star Aa Gaye ğŸ˜ğŸ˜/CrazyJutt
1614,Dunki movie teaser review in hindi || Ab mjaa aayega bidhu log
1627,Dunki | Title Announcement | Shah Rukh Khan | Taapsee Pannu | Rajkumar Hirani | REACTION!!
509,Panama jungle donkey | usa donkey | mexico border | usa border #shorts #status #usadonkey #panama
1317,#usa #america #donkey #shorts @AGT @ajaygillkurarvlog873 #swagmedia
915,Donkey song india to usa
1312,#donkey #2numberi #usa #viral #shorts #youtubeshorts
1703,Sharukh Khan shooting of dunki started in JeddahØ§Ù„Ù†Ø¬Ù… Ø´Ø§Ù‡Ø±ÙˆØ®Ø®Ø§Ù†# ÙÙŠØ¬Ø¯Ø©#à¤¶à¤¾à¤¹à¤°à¥‚à¤– à¤–à¤¾à¤¨ srk #iamsrk
409,#donkey #america ğŸ˜³#2numabri ğŸ˜ƒğŸ™ƒ#panama #usa #haryana #india
838,India To USA Donkey Route 2023 | mexico border crossing to usa | usa donkey 2023 | usa donkey 2023
710,21 Vi Sdi (Full Video) | Ranjit Bawa | M.Vee | Lovely Noor | Latest Punjabi Songs 2021
1096,Spain ki Donkey in 2022-23 | Morocco to Spain Donkey-Spain Donkey Flights-Punjabi ki Spain Ohi Saabi
354,Bail bond USA ğŸ‡ºğŸ‡¸ #usadonkey #mexicoborder #indiatousa #panama #usa #mexico #india #punjabi
1398,Welcome to Overwatch 2
1456,Dunk Souls
353,Border Patrol in Action Calexico Ca
1600,Ye Hogi Srk Ki Dunki Ki Story! Tod Degi Rajkumar Hirani Ki Pichli Movie&#39;s Ke Record #shorts
1730,ILLEGAL USA MEXICO BORDER CROSSING | india To Usa | Ajaa Mexico chalin |@singhusa
1897,Old MacDonald Had a Farm â€¢ Nursery Rhymes Song with Lyrics â€¢ Animated Cartoon for Kids
1498,Humpty Dumpty - 3D Animation English Nursery Rhyme songs For Children with Lyrics
687,ğŸ˜± wait for last ğŸ‡ºğŸ‡¸ india to america #panama #donkey #usa #canada #europe #maxico #america
1649,Dunki teaser Shah Rukh Khan | Taapsee Pannu  Rajkumar Hirani | 22 Dec 23
765,"55 à¨²à©±à¨– à¨¦à©‡ à¨•à©‡ America &#39;à¨š à¨¨à¨°à¨• à¨­à©‹à¨— à¨•à©‡ à¨†à¨‡à¨† à¨‡à¨¹ à¨¨à©Œà¨œà¨µà¨¾à¨¨, 9 à¨®à¨¹à©€à¨¨à©‡ à¨œà©‡à¨²à©à¨¹ à¨•à©±à¨Ÿà©€ | Pro Punjab Tv"
905,mexico border crossing to usa...|| usa donkey 2022 || usa donkey border crossing || donkey ||
144,panama jungle || donkey || America
1694,CONVERTÃ MI CASA EN UN DUNKIN DONUTS EN CUARENTENA! DANIELA
396,Rio river crossing today ğŸ‡ºğŸ‡¸ #usa #usadonkey #mexicoborder #america #mexico #donki #panama #india
415,INDIA TO USA DONKEY ğŸ‡ºğŸ‡² subscribe kardiyo bhaiyo #usadonkey #panama #usaindians
1394,Star Wars : Jedi Fallen Order
928,USA Donkey I India to USA I #shorts
1592,The Shooting Of #SRK&#39;s #Dunki Has Started In #Mumbai || Anand Malamkar || Chamber Of Secrets...
1559,Dunki Movie Trailer : Shahrukh Khan | Donkey Teaser Shahrukh Khan | Taapsee Pannu | Reaction
1122,America ki Donkey  in 2021 | Usa ki Donkey Information in Punjabi
995,USA||à¨…à¨®à¨°à©€à¨•à¨¾ Donkey à¨¦à¨¾ à¨…à¨¸à¨² à¨¸à©±à¨š à¨•à©€ à¨¹à©ˆ ğŸ‘‰à¨®à¨¾à¨«à©€à¨†à¨‚ à¨¤à©‹à¨‚ à¨•à¨¿à¨‰ à¨¡à¨°à¨¦à©‡ à¨¨à©‡ à¨ªà©°à¨œà¨¾à¨¬à©€ğŸ˜¢2019
1246,IndiağŸ‡®ğŸ‡³ to AmericağŸ‡ºğŸ‡¸||Usa donkey||Panama jangle (Part1) Video
110,"KOLKATA, INDIA | A City of Beautiful Chaos"
686,USA DONKEY VIDEO || America camp || California city video #trending #shorts @jaspalthevlog
897,HONDURAS TO GUATEMALA USA MEXICO BORDER || usa donkey 2022 || india to usa donkey
175,Panama Jungle à¨µà¨¿à©±à¨š à¨ªà©°à¨œà¨¾à¨¬à©€ à¨«à¨¼à¨¸ à¨—à¨ ğŸ™ usa donkey à¨²à¨¾à¨‰à¨¦à©‡ à¨¹à©‹à¨ ğŸ‡ºğŸ‡² #shorts
1623,Game Critics
1489,Ultimate Skyrim
436,ğŸ‡ºğŸ‡²ğŸ‡®ğŸ‡³USA DONKI WALE||PANAMA KA JUNGLE||USA DONKEY MEXICO BORDER ğŸ‡ºğŸ‡²ğŸ‡®ğŸ‡³||2 NUMBER ENTER IN USAğŸ‡ºğŸ‡¸
1538,Boman Irani Reaction On Dunki Movie Shahrukh Khan &amp; Rajkumar Hirani | BOMAN IRANI |SHAHRUKH KHAN
1227,ğŸ‡ºğŸ‡¸#haryana ğŸ‡ºğŸ‡¸#donkey #usa #2numabri #2numberi #america #haryanaale #india #panama #usalifestyle
189,America donkey ğŸ‡ºğŸ‡¸ #shorts #ytshorts #viral #viralshorts #shorts #youtubeshorts
1213,(Part 3) Today Mexico To Usa Border Crossing ğŸ‡ºğŸ‡² | America Donkey | Usa Donkey Border Crossing
1638,SB19: The One (FULL M/V) | Dunkin&#39; PH
1824,Como Se Hacen Las Donas - Dunkin&#39; Donuts - TVUeafit
1789,"Is It Remake ? SRK Film pathan,Jawan,Dunki | Movie Review |à¤¶à¤¾à¤¹à¤°à¥à¤– à¤–à¤¾à¤¨ à¤•à¥€ à¤«à¤¿à¤²à¥à¤® | #pathan#Jawan#Dunki"
142,usa ğŸ‡ºğŸ‡¸panamağŸ‡µğŸ‡¦ donkey/ America/mexico donkey
1281,Serbia immigration for Indian | sarbia to Austria donkey? @NomadicTour
1782,DYK Before Dunki || Shah Rukh Khan was offered Lala Amarnath&#39;s biopic by Rajkumar Hirani | #dyk
195,USA Donkey I india to usa donkey I #shorts
695,#donkey #usa #panama #jungle #punjabi
1883,Jungle Beat- Munki and Trunk Season 4 Episode 6
451,India To USA Mexico Border usa donky Panama Jungle donkey #usa #shorts #india #panama #youtubeshorts
1770,Grup Roj - Duydum ki Bensiz YaralÄ± Gibisin (Official Video)
29,India to Germany donkey flight | Europe donkey flight | 3 way to go Germany | By Air .
121,"More than 1,300 people dead after 7.8 magnitude earthquake rocks Turkey, Syria | Turkey Update"
473,à¨ªà¨¨à¨¾à¨®à¨¾ à¨œà©°à¨—à¨² #Panama jungle# ğŸ‡ºğŸ‡²Usa donkey # india to usa donkey# UsağŸ‡ºğŸ‡² Donkey Wale ğŸ‡ºğŸ‡²CALIFORNIA#
230,"à¨µà¨¿à¨¦à©‡à¨¶à©‹à¨‚ à¨œà¨¾à¨¨ à¨¬à¨šà¨¾ à¨•à©‡ à¨®à©à©œà©‡,à¨®à©à©°à¨¡à©‡ à¨¦à©€ à¨¸à©à¨£à©‹ à¨¹à©±à¨¡à¨¬à©€à¨¤à©€ | USA | Donkey | Punjabi | Kaint Punjabi"
900,USA DONKEY ğŸ‡®ğŸ‡³ğŸ‡ºğŸ‡¸ğŸ‡®ğŸ‡³ğŸ‡ºğŸ‡¸ğŸ‡®ğŸ‡³ğŸ‡ºğŸ‡¸ agent Fuard USA Donkey ğŸ‡®ğŸ‡³ğŸ‡ºğŸ‡¸ğŸ‡®ğŸ‡³ğŸ‡ºğŸ‡¸ğŸ‡®ğŸ‡³ğŸ‡®ğŸ‡³
1254,USA Donkey I india to usa donkey I à¨¦à©‹à¨‚à¨•à©€ à¨š à¨¬à©±à¨šà¨¿à¨†à¨‚ à¨¦à©€ à¨œà¨¾à¨‚ à¨¤à©‡ à¨¬à¨£ à¨†à¨ˆ I à¨¦à¨¿à¨² à¨¦à¨¹à¨² à¨—à¨¯à¨¾ à¨µà©‡à¨– à¨•à©‡ I
815,"Vicky gonder à¨¦à©‡ à¨ªà¨¿à¨¤à¨¾ à¨¦à©‹ à¨¦à¨¿à¨¨ à¨ªà¨¹à¨¿à¨²à¨¾à¨‚ à¨¹à©‹à¨ à¨²à¨¾à¨ªà¨¤à¨¾, à¨…à©±à¨œ à¨‡à©±à¨¸ à¨¹à¨¾à¨²à¨¤ à¨š à¨®à¨¿à¨²à©€ à¨²à¨¾+à¨¸à¨¼"
1745,Dunki | Official Concept trailer | Shahrukh 1st Look Out | Rajkumar Hirani Upcoming | Upcoming |
316,"Adani row in Parliament, dues to Russia, and digitization of rural credits"
32,INDIA TO USA Donkey | à¤—à¤¾à¤à¤µ à¤•à¥‡ à¤¬à¤¾à¤²à¤• à¤¦à¥‡à¤–à¤²à¥‹ #shorts
1867,SSB4: Dunkin&#39; a Donkey Kong XP
981,Punjabi enters in USA Illegal | entry | Immigration | Tragic story | Donkey | Punjab Mail USA TV
377,#donkey #haryana #usa #2numabri #2numberi #america #haryanaale #panama #india #usalifestyle
209,MAXICO BOARDER CROSS âŒ||USA MAXICO BOARDER ğŸ‡ºğŸ‡¸||DONKEY WALE||PANAMA JUNGLE ENTRY â›”||#usa #canada
1919,Donkeys Are Dunces (Song)
1436,Pathaan | Date Announcement | Shah Rukh Khan | Deepika Padukone | John Abraham | 25 Jan 2023
681,USA Donkey I India to USA I #shorts
419,Panama jungle donkey
1792,"Dunki Trailer Announcement |Shahrukh Khan, Taapsee Pannu | Dunki Movie Trailer | Rajkumar Hirani"
614,America Donkey | USA Donkey | India  to USA Donkey | Latest Donkey Video 2023
580,Brazil Camp USA DonkeyğŸ‡ºğŸ‡¸#panama #usa #donkey #trending #viral
139,U.S.A.Donkey  #India_To_America #Panama #2Numbri #Karan_aujla #america #
1853,BAN! Struggling Donkey Labour #animals #donkey #pakistan #shorts
1513,Upcoming films of Shahrukh Khan ||Pathan|Jawaan|Dunki|#shorts  #pathan #shahrukhkhan
68,USA Donkey 2022ğŸ‡ºğŸ‡¸|new update|India to Usa|#donkey #usa |panama camp 3
1672,"Dunki movie à¤•à¤¿à¤¸  à¤ªà¤° based à¤¹à¥ˆ , à¤•à¥à¤¯à¤¾ à¤¹à¥ˆ à¤®à¤¤à¤²à¤¬ Donkey flights à¤•à¤¾ ??? #shorts"
1773,SRK Movie Dunki Teaser  Reaction/Trailer  Reaction/Dunki  King Khan Movie Trailer /Dhara Sharma
313,usa Waley â¤ï¸ğŸ‡ºğŸ‡¸ğŸ‡ºğŸ‡¸#punjabi #usa #shorts #donkey #panama #jungle #canada
435,India to Usa donkey. india to usa tak ka safar ko end tak dekhna.#India#Usa#Donkey#Panama#visa#
585,usa donkey complete #panama #panama #usa #donkey #shortvideo #trendingshorts
797,India After Unsuccessful Attempts to Stop Canada Rederendum Voting with Khalistani Supporters
1350,NYC pays for migrantsâ€™ bus tickets out of city
1268,Fake Passport and Visa Mexico USA Donkey ğŸ˜± FULL Border Crossing #donkey #mexico #usa #awinashneutral
1699,Make Dunkin&#39; Donut&#39;s Most Popular Donut at Home! ğŸ©
2,INDIA TO USA DONKEY ğŸ‡ºğŸ‡²
1887,Denied Entry Into Military Base Due To Warrant! ğŸ˜³
38,INDIAN USA MAI JAKAR KYA KAM KARTE HAI || ï¿¼INDIAN KO USA MAI KITNE PAISE MILTE HAI
430,Punjabi Boy In Panama  || Punjab To Panama Donkey Flight || Panama To USA.
1855,Dunkin Donuts New Mango Pineapple refresher and New Corn bread donut
547,panama Jungle #panama America ki Donkey
750,Usa Donkey 2023 ğŸ‡ºğŸ‡² | America Border Crossing Punjabi #shorts
333,"USA donkey route,Illegal way to go USA from India,Usa donkey map #usa donkey"
599,Anaconda à¨¨à©‡ à¨®à¨¾à¨°à¨¿à¨† à¨«à¨°à¨¾à¨Ÿà¨¾ğŸ Punjabi in Panama Jungle #Shorts
218,à¤¹à¥‹à¤¶à¤¿à¤¯à¤¾à¤°à¤ªà¥à¤° à¤•à¥‡ à¤¦à¤¿à¤²à¤œà¥€à¤¤ à¤¸à¤¿à¤‚à¤¹ à¤œà¥€ à¤•à¤¾ à¤¹à¤‚à¤¸ à¤˜à¥‹à¤¡à¤¼à¥‡ à¤•à¤¾ à¤¬à¤šà¥à¤šà¤¾ à¤œà¥‹à¤§à¤¾ à¤¬à¤¨à¤¾ à¤µà¤¿à¤¨à¤° !
1233,Mexico to America border today ğŸ˜± || usa donkey || Mexico to USA border crossing
1736,#usa #2023 #america #panama #jungle #donkey
1876,Dunkin&#39; Donuts - Egg Cheese Bacon Bagel &amp; Dunkin&#39; Original Coffee
75,USA Donkey I india to usa donkey I à¨‡à¨¹ à¨œà©°à¨—à¨²à©‡ à¨®à©Œà¨¤ à¨¦à¨¾ à¨œà©°à¨—à¨² à¨
339,donkey enjoy à¤¸à¤®à¥à¤‚à¤¦à¤° à¤•à¥‡ à¤•à¤¿à¤¨à¤¾à¤°à¥‡ à¤¬à¤œà¤¾ sidhu moose wala#usa #panama #shortvideo #donkey ğŸ‡ºğŸ‡²ğŸ‡ºğŸ‡²ğŸ‡ºğŸ‡²
988,à¤•à¥ˆà¤¸à¥‡ à¤œà¤¾à¤¤à¥‡ à¤¹à¥ˆ à¤¦à¥€à¤µà¤¾à¤° à¤•à¥‚à¤¦ à¤•à¥‡ à¤…à¤®à¤°à¥€à¤•à¤¾ à¥¤ India to USA donkey | Gaurav Maan
91,Donkey Wale Portugal ğŸ‡§ğŸ‡¯ #india #purtgal #usa #canada #struggle #song #songs #study #students
161,title
755,IndiağŸ‡®ğŸ‡³ To USAğŸ‡©ğŸ‡¬ | à¤¦à¤¿à¤²à¥à¤²à¥€ à¤¸à¥‡ à¤¸à¤«à¤¼à¤° à¤¶à¥à¤°à¥‚ First Flight Part- 03 | Haryanvi to Donkey Ways America Vlogs
326,My USA Donkey Panama Jungle
1756,Dunki Teaser Trailer | Dunki Movie Trailer | Shahrukh Khan | Rajkumar Hirani | Shahrukh Khan Movies
1257,Usa Donkey || Panama Jungle Entery || Mexico To USA border || America Donkey video in Hindi ||
1673,Dunki Title Announcement REACTION | Shah Rukh Khan Reaction | Taapsee Pannu | Rajkumar Hirani
211,Exclusive first Interview :- Teji ladwa || HR75 à¤µà¤¾à¤²à¥‡ || Sonuchanaliya
44,USA ğŸ‡ºğŸ‡²DONKEY PUNAMA JUNGLE TO TAPACHULA MEXICO @rahul___sheokand #youtube #viralvideos #india #usa
500,USA Donkey New Route || Panama jungle Entry || USA border Crossing
607,Usa DonkeyğŸ‡ºğŸ‡¸||America Donkey||Panama Donkey ğŸ•ï¸ğŸ•ï¸|| Video R Lathwal Vlog
1586,Dragon Quest XI (dunkview)
1162,india to America by donkey  (PART-1)  | à¤…à¤—à¤° à¤†à¤ª à¤…à¤®à¥‡à¤°à¤¿à¤•à¤¾ à¤œà¤¾à¤¨à¤¾ à¤šà¤¾à¤¹à¤¤à¥‡ à¤¹à¥ˆà¤‚  | rsbkfastnews
481,PANAMA Jungle ( USA Donkey)#short #youtubeshorts #shortvideoà¨²
725,usa donkey ğŸ‡ºğŸ‡²ki new update november 2022 dako bahi vedio#panama #usa ğŸ‡ºğŸ‡²
1386,DUNKI || FULL MOVIE || HINDI URDU || TURKEY SAY PAKISTAN || ASAD PENDU VLOGS
550,Panama jungle USA Donkey ğŸ‡ºğŸ‡¸
1201,USA ki donkey | Brazil Flights | Punjab to USA  Donkey flight 2021-22..
1104,#trending #trendingshorts #viralshorts #shorts #shortsvideo #viral #canada #usa #donkey  #india #uk
1049,Donkey to USA with #Small kid America #donkey
1140,#2numabri #2numabri #india #donkey #usa #america #usadonkey #usaborder #mexico #panama #donkey ğŸ‡ºğŸ‡¸
305,Ecuador Update | India to Ecuador donkey flight | Ecuador to USA- à¨¯à©‚à¨à¨¸à¨ à¨¡à©€ à¨¡à©°à¨•à©€ .
575,India to America ğŸ‡ºğŸ‡² Donkey à¤®à¥‡à¤‚ Punjabi à¤²à¤¡à¤¼à¤•à¥‹à¤‚ à¤•à¥€ à¤ªà¤¿à¤Ÿà¤¾à¤ˆ à¤•à¤°à¤¤à¥‡ à¤¹à¥ˆà¤‚ ğŸ™ #usadonkey #indiatousa
1283,Usa Border Crossing Girl ğŸ‡ºğŸ‡²| America Donkey | Usa Donkey  (Part 2)
1716,ROBLOX | Donkey Princess attacks Dunkin Donuts! | Read desc.
701,sarbia ğŸ‡·ğŸ‡¸ to Austria donkey information  15/7/2022 #donkey #austria
164,donkey USA 2018
410,USA DONKEY ğŸ‡ºğŸ‡²  VIDEO || PANAMA CEMP TO PANAMA CITY BORDER || à¤•à¥‹à¤¸à¥à¤Ÿà¤¾ à¤°à¤¿à¤•à¤¾ à¤®à¥‡à¤‚ à¤†à¤—à¤ à¤ªà¤¤à¤¾ à¤­à¥€ à¤¨à¤¹à¥€à¤‚ à¤²à¤—à¤¾ğŸ˜²!
877,indian to usa by donkey | U S A ki donkey information hindi |à¤…à¤—à¤° à¤†à¤ª à¤…à¤®à¥‡à¤°à¤¿à¤•à¤¾ à¤œà¤¾à¤¨à¤¾ à¤šà¤¾à¤¹à¤¤à¥‡ à¤¹à¥ˆà¤‚ à¤µà¥€à¤¡à¤¿à¤¯à¥‹
231,Usa donkey/ punjabi munde nu gps footlock lagga
817,Hindi Short Film - Girl In Red
517,USA ğŸ‡ºğŸ‡¸ DONKEY VIDEO || MEXICO BORDER CROSSING TO USA ENTER VIDEO || #trending  @jaspalthevlog
297,usa donkey #usa #punjab
360,USA DONKEY PANAMA JUNGLE TO AMERICA zindagi Rahi to milenge America mein doston Bane rahiye sath
1612,Shahrukh Khan à¤•à¥€ dunki movie shooting à¤ªà¤° à¤¹à¥à¤† à¤¬à¤µà¤¾à¤² ğŸ¤¯ğŸ˜±ğŸ˜³| #shorts | #viral | #movie | #shahrukhkhan ğŸ˜˜ğŸ˜˜
1522,DUNKI : Shooting wrapped up in Saudi Arabia : 4 Things of Joy for SHAHRUKH and FANS !
165,"Amid &#39;Cow Hug Day&#39; row, old Video of Cow reaction to BJP Leader Leaves Netizens in Splits #shorts"
1057,CanadağŸ‡¨ğŸ‡¦ KI donkey 2022 | Punjab to Canada Illegal Way | à¨•à¨¨à©‡à¨¡à¨¾ à¨¡à©°à¨•à©€  | Canada Donkey Flight ğŸ‡¨ğŸ‡¦.
11,USA  New Route 2021 | Donkey Flight America di | Brazil to Mexico Route.
1372,Donkey Kong Country
1588,Shahrukh Khan à¤”à¤° Raj Kumar Hirani à¤•à¥€ à¤«à¤¿à¤²à¥à¤® &#39;Dunki&#39; à¤†à¤–à¤¿à¤° à¤¹à¥ˆ à¤•à¥à¤¯à¤¾ ? à¤•à¤¿à¤‚à¤— à¤–à¤¾à¤¨ à¤¨à¥‡ à¤•à¥à¤¯à¥‹à¤‚ à¤•à¥€ à¤¯à¥‡ à¤«à¤¿à¤²à¥à¤® ?
1823,Donkey | Animal Sounds and Names for Kids &amp; Toddlers | BabyTV
510,USA Donkey 2022 || India To USA Donkey Mexico Border Crossing Today  || Panama Jungle Crossing
557,USA Donkey Panama jungle me Pregnent lady ğŸ˜­ğŸ˜­ğŸ˜­ @DonkeyAmericaki #viralvideo #donkey #jungle #panama
1628,áŠ®áˆœá‹²á‹«áŠ• áŠ¥áˆ½á‰±áŠ• áŒ¡áŒ¦ áŠ áŒ á‰£á‰½á‹!!  á‹µáŠ•á‰… áˆáŒ†á‰½ áŠ­ááˆ - 77 | Comedian Eshetu Melese | @comedianeshetu 2022
1123,#Usa open fligts#Usa donkey good news for tourist from india#
605,Donkey America ğŸ‡ºğŸ‡² @DonkeyAmericaki #usa #donkey #panama #jungle #viral #shortvideo
1182,Today boys girls ğŸ‘§ 200 plus Mexico to America border crossing 2023 live || usa border || donkey
1055,America ki donkey in August | india to usa | PUNJAB TO USA | Donkey flight
669,||Panama camp|| USA donkey ğŸ‡ºğŸ‡² à¤¯à¤¹à¤¾à¤‚ à¤ªà¤° à¤¸à¤¾à¤°à¥€ à¤¸à¥à¤µà¤¿à¤§à¤¾ à¤®à¤¿à¤²à¤¤à¥€ à¤¹à¥ˆ ğŸ™
1861,Donas Caseras al estilo Dunkin Donuts
1527,Chann Putt | Aaja Mexico Challiye | Raj Ranjodh | Ammy Virk | Punjabi Movie Songs 2022
413,à¨ªà©±à¨•à©‡ à¨…à¨®à¨°à©€à¨•à¨¾ à¨µà¨¾à¨²à©‡#usağŸ‡ºğŸ‡¸ donkey wale California#comedy#donkey lover#India to usa donkey#panama jungle#
1766,"Dunki : à¤¸à¥‡à¤Ÿ à¤¸à¥‡ à¤²à¥€à¤• à¤¹à¥à¤ˆà¤‚ à¤¤à¤¸à¥à¤µà¥€à¤°à¥‡à¤‚, à¤‡à¤¸ à¤²à¥à¤• à¤®à¥‡à¤‚ à¤¨à¤œà¤° à¤†à¤ King Khan #srk #dunki  #shahrukhkhannews"
634,Panama jungle (usa donkey) #short #youtubeshorts #shortvideo
1787,BATTLE MAKAN MAKANAN J.CO VS DUNKIN DONUTS!! TERNYATA INI YANG ENAK!!
644,USA ki donkey 2021in Punjabi | joe Biden new visa | US-Mexico border | PUNJABI DONKER IN PANAMA .
1157,USA ğŸ‡ºğŸ‡¸to INDIAğŸ‡®ğŸ‡³#usa #donkey  #mom #instagram #youtube
1656,France Sy England Ki Dunki | UK Dunki New Route | UK Travel Route | France to UK â¤ Shahzad Stories
823,Usa Donkey 7 Lakhs Mai | India To Portugal Portugal To Mexico | Usa Donkey
447,"usa , donkey to usa , Panama jungle entry , punjabi youth captured In Panama jungle , #viral #video"
94,Mexico ğŸ‡²ğŸ‡½ city tourist places #haryana #donkey #usa #2numabri #2numberi #gangoli #gangolihat #jaat
1888,"Sharukh Khan ki 3 Most Wanted Film Pathan,Jawan and Dunki Release on 2023 ğŸ”¥ğŸ”¥ğŸ”¥"
946,Donkey route to USA ğŸ‡ºğŸ‡¸ || à¤—à¤¼à¥ˆà¤°à¤•à¤¼à¤¾à¤¨à¥‚à¤¨à¥€ à¤¤à¤°à¥€à¤•à¤¼à¥‡ à¤¸à¥‡ à¤…à¤®à¤°à¥€à¤•à¤¾ à¤•à¥ˆà¤¸à¥‡ à¤œà¤¾à¤¤à¥‡ à¤¹à¥ˆ à¤²à¥‹à¤— ğŸ˜³ Shocked | America
1008,Donkey India to USA #donkey #donkeykong #jaat #haryana #mexico #india #usa
934,ENTERING COLOMBIA &amp; BRAZIL WITHOUT PASSPORT in a boat | Donkey South America ??
72,Usa donkey HARYANVI.      #usa #donkey #usadonkey #internationalstudents #haryanvi #choudhary #india
901,#americağŸ‡ºğŸ‡¸ # America donkey #panama jungle donkey # mexico ğŸ‡²ğŸ‡½ donkey #usaale # india ğŸ‡®ğŸ‡³ to usa
1518,Call of Duty 16 : Modern Warfare
1544,Dunki Teaser Trailer || Dunki Teaser Review || R.kumar Hirani |SRK
1297,USA à¨¡à©‹à¨‚à¨•à©€ wale |Panama jungal crossing|pendu jatt #donkey #usa
1064,USA Donkey I india to usa donkey route I #shorts
579,à¤®à¥ˆà¤•à¥à¤¸à¤¿à¤•à¥‹  à¤¬à¤¾à¤¡à¤° à¤ªà¤¾à¤° à¤•à¤° à¤•à¥‡ à¤•à¥ˆà¤¸à¥‡ à¤œà¤¾à¤¤à¥‡ à¤¹à¥ˆ à¤²à¥‹à¤— à¤…à¤®à¥‡à¤°à¤¿à¤•à¤¾
1304,USA Donkey
922,India to Usa Donkey ğŸ‡®ğŸ‡³ğŸ‡ºğŸ‡²| Mexico Border Crossing to Usa | #shorts
222,Full detailed video// Donkey// America// Camp ğŸ•ï¸#donkey #bond #deport #indianinusa [ Part :2 ]
1679,Shahrukh to shoot dance sequence for Rajkumar Hirani&#39;s film Dunki! Here is the full Details !
1780,Dunki | Title Announcement | Shah Rukh Khan | Taapsee Pannu | Rajkumar Hirani | 22 Dec 23
362,AMERICA DONKEY MAP!!
1529,Getting Over It
43,#usa #donkey #india #haryana ğŸ¤ŸğŸ¤Ÿ
411,Panama Jungle Donkey |ğŸ‡ºğŸ‡² USA Donkey 2022 | Usa Border Crossing Punjabi
1361,"à¤¤à¥à¤°à¥à¤•à¥€ à¤¸à¤‚à¤•à¤Ÿ à¤®à¥‡à¤‚, à¤¨à¤¹à¥€à¤‚ à¤¥à¤® à¤°à¤¹à¥‡ à¤­à¥‚à¤•à¤‚à¤ª, à¤¯à¥‡ à¤¹à¥ˆ à¤…à¤¸à¤²à¥€ à¤µà¤œà¤¹ |Turkey Earthquake Could Happen Again Here&#39;s Why"
269,#panama #mexicoborder #usadonkey #indiatousa #usa #america #punjabi
778,#subscribe #100k #donkey #study #usa Baapu song sajjan adeeb canada snow status...ğŸ‡¨ğŸ‡¦ğŸ”ï¸ğŸ™‚
490,usa donkey ğŸ‡ºğŸ‡¸ #donkey #usadonkey #usa #panama #panamajungle #mexico #mexicodonkey #usaupdate
1693,Pakistani Couple Reacts To Dunki | Title Announcement | Shah Rukh Khan | Taapsee P | Rajkumar Hirani
1515,My Indie Game Publishing Company
907,USA Donkey I india to usa donkey I #shorts
1355,"India sends rescue, medical teams to quake-hit Turkey"
47,mexico border crossing to usa...|| usa donkey 2022 || usa donkey border crossing ||
1526,"Pacman vs Donkey Kong, Super Mario and Sonic"
685,Usa DonkeyğŸ‡ºğŸ‡¸||Panama Donkey||à¤®à¥ˆà¤‚ à¤•à¥à¤¯à¤¾ à¤¹à¤¾à¤² à¤¹à¥‹à¤¤à¤¾ à¤¹à¥ˆ à¤–à¥à¤¦ à¤¸à¥à¤¨à¥‡ à¤‡à¤¨à¤•à¥€ à¤œà¥à¤¬à¤¾à¤¨à¥€ à¤…à¤®à¥‡à¤°à¤¿à¤•à¤¾ à¤¡à¥‹à¤‚à¤•à¥€ 2022
551,Usa donkey 2022
858,USA Donkey 2022 I India To USA I #shorts
1735,DUNKIN CHARLI COLD FOAM | How to make CHARLI COLD FOAM at home | CHARLI D&#39;AMELIO COLD BREW #SHORTS
245,Without Visa Mexico Travel Kar Sakte Ha In Country Ke Tourist Visa Per
1840,à¤•à¥à¤¯à¤¾ Shahrukh Khan à¤•à¥€ à¤«à¤¿à¤²à¥à¤® Dunki. Allu Arjun à¤•à¥€ à¤«à¤¿à¤²à¥à¤® Pushpa 2 à¤•à¤¾ Takkar à¤¦à¥‡ à¤ªà¤¾à¤à¤—à¥€. #lineexplain007
636,usa donkey Panama jungle
1900,The Preston &amp; Steve Show 2/3/23
1072,Usa donkey haryana us donkey mexicous donkey india to usa
659,à§¨à§­ à¦¦à¦¿à¦¨à§‡ à¦†à¦®à§‡à¦°à¦¿à¦•à¦¾ à¦ªà¦¾à¦°à¦¿ ğŸ‡ºğŸ‡¸ USA DONKEY Full video @Twmahbub
1637,DUNKI l Official Trailer l Shahrukh khan l Tapsee Pannu l In Cinemas 22 Dec 2023
1432,Dunki | Title Announcement | Shah Rukh Khan | Taapsee Pannu | Rajkumar Hirani |
1728,Jigar Da Tota | Garry Sandhu ( Audio Song ) | Fresh Media Records
756,ğŸ‡ºğŸ‡¸ america donkey #panama #donkey #usa #canada #europe #maxico #america #australia #beach
1106,"India to USA donkey 2022 , Live India boys and girls enter to Mexico border || India to usa donkey"
221,Panama jungle experience/ dangerous usa donkey/ usa donkey experience #usadonkey #panamajungle
626,usa donkey ğŸ‡ºğŸ‡¸ #donkey #usadonkey #usa #panama #panamajungle #mexico #mexicodonkey #usaupdate
1572,Dunki Official Teaser : Story Explain | Shahrukh Khan | Taapsee Pannu | Rajkumar Hirani | Boman I
568,USA Donkey ğŸ‡ºğŸ‡² 2022 New video
1349,"Weak Pakistan will be Dangerous for India says Russia | pakistan won&#39;t be dangerous, Trust me"
116,"America à¤¨à¥‡ à¤®à¤¾à¤° à¤—à¤¿à¤°à¤¾à¤¯à¤¾ à¤¡à¥à¤°à¥ˆà¤—à¤¨ à¤•à¤¾ &#39;à¤œà¤¾à¤¸à¥‚à¤¸à¥€ à¤—à¥à¤¬à¥à¤¬à¤¾à¤°à¤¾&#39;, à¤…à¤¬ à¤¹à¥‹à¤—à¥€ à¤…à¤¸à¤²à¥€ à¤œà¤‚à¤—!"
678,#india to #usa #donkey #panama #jungle #viral #contentcreator #breakingnews #update
1002,USA donkey camp  ..  Indian #india #usa #donkey #jaibabaki
1016,USA Donkey .india to usa donkey
130,Panama jungle #usadonkey #panama
1462,Dunki | trailer review | Shah Rukh Khan | Rajkumar Hirani | review by ravi
1511,ITS BEEN 3 YEARS! WE DUNKIN ON DONKEY BIH AHH!! [MARIO SPORTS MIX]
53,UsağŸ‡ºğŸ‡¸ donkey wale California#reels# border crossing time# mexico#india to usa donkey#pakke Usa wale#
88,USA ğŸ‡ºğŸ‡¸  à¤®à¥‡à¤‚ à¤•à¤¾à¤® à¤•à¥à¤¯à¥‹à¤‚ à¤¨à¤¹à¥€à¤‚ à¤®à¤¿à¤² à¤°à¤¹à¤¾ ğŸ˜± à¤•à¥ˆà¤¸à¥‡ à¤®à¤¿à¤²à¥‡à¤—à¤¾ à¤•à¤¾à¤® à¤œà¤¾à¤¨à¤¨à¥‡ à¤•à¥‡ à¤²à¤¿à¤¯à¥‡ à¤¦à¥‡à¤–à¥‹ à¤¯à¥‡ video USA Donkey
61,Europe donkey |europe border crossing|pendu Jatt #donkey #europe #shorts
546,Ajj 500 ne layi donki #usadonkey #mexicoborder #usa #panama #indiatousa #mexico #america #punjabi
1403,Shahrukh Khan DUNKI Tweet #srk #dunki #trending #shorts #viral
526,USA DONKEY ğŸ‡ºğŸ‡¸ PANAMA CAMP ASHU ROR
1324,THIS DUCK IS VERY BAD
1504,Dunki VS Tiger 3 Comparison #shorts #bollywood #salmankhan #sharukhkhan #ytshorts #short
987,Brazil ki Donkey | India-Pakistan to Brazil || Punjabi in  Brazil
337,panama jungle donkey vedio live hai bilkul#panama #usa #usa #donkey #shortvideo
187,mexico border crossing to usa...|| usa donkey 2022 || usa donkey border crossing || donkey |
1508,NEW MOVIE OF SRK AND RAJUHIRANI &#39;DUNKI&#39; IS REMAKE #srk #remake #shorts
1725,#shahrukhkhan #dunki Shooting Finished #shorts #viral #srk  #srkstatus #umrah
730,Mexico ğŸ‡²ğŸ‡½ USAğŸ‡ºğŸ‡¸ Donkey
836,USA Donkey I India to USA I #shorts
1565,Dunki Movie Shooting || Shahrukh Khan || A very Big Shukran to || Saudi Arabia Ministry of Culture
798,à´¸àµà´µà´ªàµà´¨à´‚  à´•à´£àµà´Ÿ U K à´¯àµà´‚ à´±à´¿à´¯à´¾à´²à´¿à´±àµà´±à´¿à´¯àµà´‚.
689,USA DONKEY WALE PANAMA JUNGLE ENTRY VIDEO 2022|| 2NUMBARI BALAK ||#usa #canada #australia #india
86,USA Donkey || Donkey 2022 || USA Donkey America ğŸ‡ºğŸ‡²|| Mexico Border Crossing Entr Usa
747,USA donkey wala 2 numberi Jatt border crossing by Mexico #short #canada #usa #mexico #usaborder
343,usa Panama donkey #usadonkey #trending #youtubeshorts
369,35 lakh #usadonkey #mexicoborder #indiatousa #panama #usa #mexico #india #america #punjabi #usa
1830,Easy Donuts Recipe | dunkin donuts recipe
1478,Dunki | Title Announcement | Shah Rukh Khan | Taapsee Pannu | Rajkumar Hirani | PAKISTAN REACTION
1114,usa donkey india to usa
1393,Dunki movie announcement teaser review by KRK! #Bollywood #Film #SRK
959,India to America | Mexico donkey | full information
257,An Indian immigrant to usa story
140,Usa Donkey ğŸ‡ºğŸ‡¸ Panama 1st camp #trending #viral#video
1743,Please Welcome President Joe (Walter) Biden | ME THE PEOPLE | JEFF DUNHAM
736,India to SPAIN di Donkey || Spain ki Donkey in 2021 || Morocco to Spain Donkey.
1169,Today&#39;s Texas Border Crossing Live | Donkey America Mexico Border | Mexico To USA Donkey | Awinash
1088,USA DONKEY I INDIA TO USA I America Donkey I
236,USA DONKEY MEXICO BORDER CROSSING BY INDIAN FAMILY ğŸ‡ºğŸ‡¸ğŸ‡ºğŸ‡¸ğŸ‡ºğŸ‡¸
1738,Dunki Official Teaser : Story Explain | Shahrukh Khan | Taapsee Pannu | Rajkumar Hirani | Boman
460,Panama Jungle Part 3 Usa Donkey ğŸ‡ºğŸ‡¸ New Video / 2 Number Me Usa Jane Vale ğŸ‡ºğŸ‡¸ / America Wali Donky
364,ğŸ‡ºğŸ‡¸usa donkey video 2022
83,Texas border crossing || Mexico to America border crossing || usa donkey
1812,Shocking Facts about Illegal Pakistani Immigrants in Urdu/Hindi | Dunki Lagane ka Anjaam
454,usa donkey 2022 || panama camp ||india to usa full information by usa donkey
1815,How to make the Bagels and more at Dunkin&#39; Donuts training video
549,usa donkey panama jungle amrican wale 2 numberi
702,Usa donkey ğŸ‡ºğŸ‡¸ğŸ‡ºğŸ‡¸ğŸ‡ºğŸ‡¸ğŸ‡ºğŸ‡¸ğŸ‡ºğŸ‡¸ğŸ‡ºğŸ‡¸ panama jungle
1429,Skilla Baby - Tim Dunkin (feat. Sada Baby) (Official Music Video)
958,usa donkey I india to usa I why I #shorts
894,#america #donkey #2numabri #2numabri #panama #2numabri #india #indvsusa
352,INDIA ğŸ‡®ğŸ‡³ TO USA ğŸ‡ºğŸ‡¸ DONKEY | à¤•à¤¿à¤¤à¤¨à¤¾ à¤–à¤°à¥à¤šà¤¾ à¤†à¤¤à¤¾ à¤¹à¥ˆ  |  USA à¤•à¥€ à¤¦à¥€à¤µà¤¾à¤° à¤•à¥‚à¤¦à¤¨à¥‡ à¤•à¥‡ à¤¬à¤¾à¤¦ à¤•à¥à¤¯à¤¾ à¤¹à¥‹à¤¤à¤¾ à¤¹à¥ˆ
582,Panama jagal USA donkey ğŸš£â€â™‚ï¸
1332,à¤šà¤²à¤¤à¥‡ à¤šà¤²à¤¤à¥‡ #sheoranfamily #haryanvi #indianvlogger #indianamerican #desi #hindisong #hindioldsong
1042,USA donkey real video new update 2022 ğŸ‡ºğŸ‡²ğŸ‡ºğŸ‡²ğŸ‡ºğŸ‡² panama jangle #usa #donkey #india #amrica
438,#haryana #donkey #usa #2numabri #2numberi #america #haryanaale #india #panama #usalifestyle
813,#guyana ğŸ‡¬ğŸ‡¾ğŸ˜³ğŸ˜± POLICE ğŸš“ WOMAN ATTACK A TRUCK DRIVER ğŸš› ALL BECAUSE OF THISâ—ğŸ§
893,America Border Crossing Today Punjabi ğŸ‡ºğŸ‡²ğŸ‡®ğŸ‡³| Usa Donkey #shorts
279,USA illegal entry ğŸ‡±ğŸ‡· #mexicoborder  #usadonkey #indiatousa #panama
1856,Donkey Meaning
1471,We OPENED A DUNKIN DONUTS In Our House!! **YUM** | JKREW
1343,"Shakti Telugu Full Movie | Jr.NTR, Ileana, Manjari Phadnis | Sri Balaji Video"
971,New information #USA #Donkey Europe visa #Portugal #TRC
1655,ğŸ§ğŸ¬ DON QUIJOTE VIRTUAL TOUR - Let&#39;s Explore The Shop WE ALL LOVE [4K HDR]
975,USA Donkey Update 2023 | USA Illegal Entry Punjabi | US10 Years Visa without Documents\US TO CANADA.
260,usa donkey in panama jungle#instagram#mossi ka#america #donkey #usa
932,Ecuador visa free |  India to Ecuador donkey flight | Ecuador to USA-  à¨¯à©‚à¨à¨¸à¨ à¨¡à©€ à¨¡à©°à¨•à©€ .
459,USA DONKEY: MEXICO ğŸ‡ºğŸ‡²ğŸ‡ºğŸ‡²ğŸ‡ºğŸ‡² OPEN PANAMA JUNGLE (PART 2) FULL DETAILS
137,Donki #mexicoborder #usadonkey #mexico #panama #america
1288,donkey lon waleya da hall....mott da registan.. #jassargroup  Mexico wall.. #jassargroup
1392,Final Fantasy : Chaos Chronicles
1092,India ğŸ‡®ğŸ‡³ To USAğŸ‡ºğŸ‡¸ | Part - 07 | Bolivia ğŸ‡§ğŸ‡´à¤¸à¥‡ Peru ğŸ‡µğŸ‡ª à¤ªà¤¹à¥à¤à¤šà¥‡ à¥¤ à¤…à¤®à¥‡à¤°à¤¿à¤•à¤¾ Donkeyà¥¤ Donkey 2022
465,USA DONKI ğŸ‡ºğŸ‡¸ | #usa #donki #india #panama #mexico #usaborder #haryana
1065,illegal Pakistani Indian immigrant in Brazil USA | Brazil ki donkey | USA ki donkey.
203,#usa #donkey #ğŸ‡ºğŸ‡¸ #panama ğŸ‡µğŸ‡¦ #jungle #entry #2numabri
927,INDIA ğŸ‡®ğŸ‡³TO ğŸ‡ºğŸ‡¸USA DONKEY! 2023 à¤‡à¤‚à¤¡à¤¿à¤¯à¤¾ à¤¸à¥‡ à¤…à¤®à¥‡à¤°à¤¿à¤•à¤¾ à¤¤à¤• à¤•à¤¾ à¤¸à¤«à¤°!!ğŸ˜±à¤…à¤—à¤° à¤¡à¤° à¤²à¤—à¤¾à¤¤à¤¾ à¤¹à¥ˆ à¤¤à¥‹ à¤®à¤¤ à¤¦à¥‡à¤–à¤¨à¤¾#viral#trend
583,Usa ğŸ‡ºğŸ‡¸ Donkey Panama Jungle
252,"usa donkey||panama donkey|| Peru, Eucador, Colombia tak ka safar ki full details"
1211,USA Donkey I india to usa donkey I
584,USA Donkey Panama jungle me ğŸš¢ boat ka safar
1768,Pacman Sonic and Donkey Kong in Among Us
1667,Remake and Dunki: What do they mean?
1757,Japanese food/Donki dunki/short ved
560,USA donkey border crossing #shorts #gauravmaan
1535,Donas al estilo Dunkin&#39; Donuts ! â™¡
1187,Usa reached usa donkey
282,8/10/22 texas update #usadonkey #indiatousa #mexicoborder #panama #mexico #america #punjabi #donki
6,Cuba Visa for ğŸ‡µğŸ‡° ğŸ‡®ğŸ‡³ Citizen | Cuba to USA Donkey Flight | Cuba Embassy | Visit visa latest update.
593,USA DONKEY ğŸ‡ºğŸ‡² VIDEO ||AMERICA DONKEY VIDEO ||AMERICA CAMP || PANAMA JUNGEL DONKEY VIDEO #short
223,Donkey ?????? #america #indianinusa #donkey #americakidonki #haryanviinusa (Part :1)
1791,The Syndrome Dunki (Remix)
1340,Alibaba And 40 Thieves Full Movie | Sanjeev Kumar Hindi Movie | Hindi Adventure Movie
861,Usa donkey ğŸ‡ºğŸ‡²| India to Usa donkey | à¨…à¨®à¨°à©€à¨•à¨¾ ğŸ‡ºğŸ‡² #shorts
1045,donkey te by air jaan vich à¨…à©°à¨¤à¨° | Donkey in europe | donkey India to America | ursmanjit
632,panama jungle donkey new video 2021 | usa donkey illegal
886,"America Donkey ğŸ‡ºğŸ‡²,| India to Usa Donkey ğŸ‡ºğŸ‡² 2022 #shorts"
1868,Okey Dokey Donkey - Noveltoons - 1958
365,USA Donkey || Panama Jungle Entery || Mexico border crossing || Haryana To usa Donkey ||
469,usa donkey experience with me | panama jungle donkey | india to usa donkey video | usa donkey 2022 |
370,Border Mexico ğŸ‡²ğŸ‡½ #mexicoborder #usadonkey #panama #usa #mexico #america #donki #punjabi #india
185,usa donkey #youtubeshorts #short #viral #shortvideo #donkey #shorts
729,USA donkey panama entry
1424,Playtime
81,"USA donkey 2022 , Live boys and girls enter to Mexico border India to amarica"
403,india ğŸ‡®ğŸ‡³ to America ğŸ‡ºğŸ‡² (Panama jungle) #donkey   #panama  #usa
1709,DUNKI Teaser Review | Shahrukh Khan
494,USA news in Punjabi | USA ki donkey | Brazil-Ecuador-Colombia-Panama Update | Mexico Borders Flights
864,2 number for India to USA donkey
150,Donkey America (jangle panama)#haryana #punjabi #amarican #america #viralvideo #viralshorts
478,Donkey Punjab To USA Crossing Panama Jungle ğŸ˜­
555,USA DONKEY MEXICO BORDER ğŸ‡ºğŸ‡²WALE||DONKEY WALE PANAMA JUNGLE ENTRYâ›” 2NUMBERY USA ENTRY#america#canada
317,à¨­à¨¾à¨°à¨¤à©€à¨†à¨‚ à¨¨à©‚à©° à¨…à¨®à¨°à©€à¨•à¨¾ &#39;à¨š à¨—à©à¨²à¨¾à¨® à¨¬à¨£à¨¾ à¨°à¨¹à©€ à¨¸à©°à¨¸à¨¥à¨¾
1320,America aala jatt ğŸ‡ºğŸ‡¸ğŸ¤Ÿ #shorts #viral #america #trending #2numabri #usadonkey #usa #donkey #short
740,usa donkey ğŸ‡ºğŸ‡² #shortvideo #youtubeshort #shorts
108,Country Profile | India invites UAE to G-20 Summit to be held in New Delhi
1598,Dunki Ya Donkey |Shah Rukh Khan vs Rajkumar Hirani #shorts
496,à¤¡à¥‹à¤‚à¤•à¥€ à¤•à¥‡ à¤°à¤¾à¤¸à¥à¤¤à¤¾ à¤®à¥‡à¤‚ à¤•à¥à¤¯à¤¾ à¤¹à¥‹à¤¤à¤¾ à¤¹à¥ˆ ? à¤ªà¤¨à¤¾à¤®à¤¾ à¤œà¤‚à¤—à¤² à¤”à¤° à¤¸à¤®à¥à¤‚à¤¦à¤° à¤•à¤¾ à¤°à¤¾à¤¸à¥à¤¤à¤¾ ğŸ˜­ğŸ˜£ || FULL DONKEY UPDATE
1241,Today Mexico To Usa Border Crossing ğŸ‡ºğŸ‡² | America Donkey | Usa Donkey
696,Maxico Kandh Tapde Punjabi Amrika Ne Kite Kabhu | Tehlka Punjab
1029,usa donkey camp jail ğŸ‡ºğŸ‡²| Usa Donkey 2022 | America Jail | Mexico to Usa Border Crossing
9,#USA #Donkey #information #UK #visa information Punjabi boy Europe visa kaise lgwaye
1209,USA Donkey I go to India to Usa.              Donkey update||
423,USA DA CRAZE #usadonkey #mexicoborder #indiatousa #panama #panama #usa
1262,punjab to america donkey #punjab #donkey #risky #games #hustle #newjourney #india #europe
1786,Funky - Promesas (Video Oficial) feat Indiomar
1298,#funny #comedy #vlog #duet #food #iphone #shooting #stitch #foodie #army #life
1210,USA Donkey 2022 New Video | Mexico border crossing | Indian boys in donkey |2022 #americadonkeyvideo
1084,USA donkey Border Crossing Latest update December India to America donkey 2022 Mexico to USA
1056,India to USA donkey | #usadonkey #shorts | Gaurav Maan
990,El Salvador visa for Indians | Donkey Route To USA from india
1647,"DeSantis calls Crist &#39;worn-out, old donkey&#39; during debate"
519,Panama jungle America donkey #donkey #usa #panama
534,usa donkey live vedio #panama #usa #viral #donkey #shortvideo #reels #trending #india #amrica
1044,Donkey india to usa new song
643,ğŸ‡ºğŸ‡¸ USA DONKI | USA BORDER CROSSING #donkeystory #usa #haryana #mexico #india
1863,Uygar DoÄŸanay  Duydum Ki Bir KÄ±zÄ±n OlmuÅŸ 2020 (Orjinal)
85,America Petrol Pump Pe Salary Kitni Milti hai $ ? Indian in USA ğŸ‡®ğŸ‡³ğŸ‡ºğŸ‡¸
789,APNA BHAI SANTU SARPANCH ğŸ‡ºğŸ‡¸U.S.A.ğŸ‡ºğŸ‡¸ WALA HO GYA                        #santusarpanch #ror
172,Tera yaar America ğŸ‡ºğŸ‡² jaliya ğŸ˜‚ğŸ˜‚ #america #usa #donkey #boarder #cross #desi #panama
1519,Dunki Official Trailer | Shah Rukh Khan | Taapsee Pannu | Boman Irani | Rajkumar Hirani
1494,áŠ áˆ­á‰¥ áŠ¨áˆáˆ½á‰± 3 áˆ°áŠ á‰µ á‹­áŒ á‰¥á‰áŠ• @comedianeshetu #children #mensud #dinklejoch #ethiopian
294,ğŸ‡ºğŸ‡¸AMERICA MEXICO BORDER /Donkey video/panama#shorts #shorts #usa #usadonkey #internationalshorts
1351,Our Black Hole Video Is FAKE...? | Part-3
373,#donki #america #usadonkey #mexicoborder #usa #mexico #punjabi #panama #indiatousa #india
48,#usa #donkey #india #like
1420,SRK | Raju Hirani | Dunki | Kya Aap à¤œà¤¾à¤¨à¤¤à¥‡ hai? | #shorts #youtubeshorts #indiashorts
608,America Dhonkey full video panama jungle ind to usağŸ‡ºğŸ‡¸ğŸ‡ºğŸ‡¸
1613,Pakistan sy Turkey ki donkey by road 2023#turkeydanki #shorts #turkey #ytshorts #istambul
1093,Usa donkey | donkey shayri | india to usa donkey | aj__ usa | #haryana #donkey
1532,Donkey Xote | Movie English
737,Mexico se America ğŸ‡ºğŸ‡¸border corss krne k Baad kya hota h ..Full detail @kamlikhotasikka #haryana
1813,Dunki | Teaser Review | Shah Rukh Khan | Taapsee Pannu | Rajkumar Hirani | Coming soon
1390,DUNKI Trailer | First Look | Shahrukh Khan | Taapsee Pannu | Rajkumar Hirani | Dunki Teaser |
1018,HONDURAS TO GUATEMALA USA MEXICO BORDER || usa donkey 2022 || india to usa donkey part 2
650,usa 2numberi donkey haryana #america #india #popular #shorts #likeforlikes #haryana #panama
801,à¨¸à¨°à¨•à¨¾à¨°à©€ à¨¦à¨«à¨¤à¨°à¨¾à¨‚ à¨¤à©‹à¨‚ à¨¶à©à¨°à©‚ à¨¹à©‹ à¨•à©‡ à¨˜à¨°à¨¾à¨‚ à¨¤à©‡ à¨®à©‹à¨Ÿà¨°à¨¾à¨‚ à¨¤à©±à¨• à¨†à¨‰à¨£à¨—à©‡ à¨ªà©à¨°à©€à¨ªà©‡à¨¡ à¨®à©€à¨Ÿà¨°
887,India to usa donkey #shorts  #gauravmaan
452,Maxico Usa Panama Jungle donkey | India To USA Mexico border crossing #usa #shorts #india #panama
1038,USA Donkey | india to usa donkey full stories || #short #youtubeshorts #usadonkey2022
273,Nhi tham rha ye karwan ğŸ‡ºğŸ‡²ğŸƒâ€â™‚ï¸ğŸƒğŸ»ğŸ‡®ğŸ‡³ #america #usa #mexico #donki #panama #usadonkey #mexicoborder
311,2 Dangerous Indian Scamsâš ï¸ Show this to yourFAMILY and FRIENDSlâœ…Comment your any queryğŸ‘‡ğŸ» | #viral
314,America Ja Rahi Punjab Naal Eh Kuch Hoya | Tehlka Punjab
1285,Usa donkey 2023 New update 30 January 2023 Mexico to America donkey route
899,Real Truth behind USA Donkey (Illegal Entry) | LIFE or DEATH? - MK Vlogs
1138,New News For Donkey 2022 || New update India ğŸ‡®ğŸ‡³ to Usa ğŸ‡ºğŸ‡¸ donkey
188,We Went for COW HUGGING in the Netherlands | Unseen Europe  in Malayalam #HugACow #CowHugging
1740,Shahrukh Khan shared a video | Dunki&#39;s shoot completed in Saudi Arabia..
706,USA Donkey 2022 I India to usa I #shorts
721,USA DONKEY #shorts #youtubeshorts #short #trending
962,India To USA ğŸ‡ºğŸ‡¸ Donkey Update Good News ğŸ‡ºğŸ‡¸ | western punjab
111,USA à¤®à¥‡à¤‚ à¤¹à¥à¤† WELCOME à¥¤à¥¤ à¤®à¥‹à¤¦à¥€ à¤¬à¤¨à¥‡ à¤¦à¥à¤¨à¤¿à¤¯à¤¾à¤‚ à¤®à¥‡à¤‚ à¤¨.1 #pakistan #india #narendramodi #usa #uk #news #china
1536,SRK Dunki Vs Akshay Bade Miyan Chote Miyan | Christmas 2023
1275,USA donkey 2022 |illegal border crossing|pendu Jatt #donkey #usa #short
1264,USA KI DONKEY UPDATE  2020-21  --- (PUNJABI IN USA).ğŸ‡ºğŸ‡¸
390,USA DONKEY PANAMA JUNGLE ğŸ‡ºğŸ‡²ğŸ‡ºğŸ‡²
1461,Shahrukh Khan Upcoming Movie | Dunki | Pathaan | #shorts
1194,DONKEY ğŸ‡®ğŸ‡³ INDIA TO USA ğŸ‡ºğŸ‡¸  BY WATER || @billavlogs06
1795,Dunki Vs Bade Miyan Chote Miyan BIG CLASH à¤ªà¤° à¤¬à¥‹à¤²à¥‡ Tiger Shroff
609,USA Donkey Panama Jungle ğŸ‡ºğŸ‡²âœŒğŸ» 2 numberi ğŸ‡ºğŸ‡²âœŒğŸ»
1590,SHAHRUKH KHAN&#39;S UPCOMING MOVIES TITLE ANNOUNCED .. #DUNKI..
1341,ğŸ˜±-2Â°c ğŸ¥¶ğŸ¥¶ğŸ‡®ğŸ‡¹#immigration #cyprus #europevisa #news #italy #india #atwalvlogs #2023 #newvideo #bari
1465,DUNKI Title Announcement - Reaction! | Shah Rukh Khan | Taapsee Pannu | Rajkumar Hirani
1564,I got Detained at US-Mexico Border!! Donkey Process?
207,USA Donkey Panama jungle EntryğŸ˜²/ #canada #canad_mahkma #australia #punjabi #punjabi_status #trending
1050,India ğŸ‡®ğŸ‡³ To USA ğŸ‡ºğŸ‡¸ | Part 09 | à¤ªà¥‡à¤°à¥‚ ğŸ‡µğŸ‡ªà¤®à¥‡à¤‚ à¤¬à¤¸ à¤•à¤¾ à¤¸à¤«à¤¼à¤° ğŸ™‚à¥¤ America ğŸ‡ºğŸ‡¸ Donkey | Donkey Route
515,#india to #usa #donkey #panama #jungle #viral #contentcreator #breakingnews
1602,Dunki 2023 Shah Rukh Khan new film announcement
842,USA Donkey I india to  usa donkey I #shorts
1242,mexico border crossing to usa...|| usa donkey 2022 || usa donkey border crossing || donkey ||
37,New America Donkey Video | Mexico border crossing | Indian boys in donkey | 2022
1174,India aur Pakistan se Donkey | Europe aur America janay walon ka anjaam | Bahut Bura hoa
1303,Mexico boarder to USA Entry ğŸ‡ºğŸ‡² 2 Numbari USA Wale @DonkeyAmericaki #donkey #usa
1851,Donkey Flightâ€™ | 21 Interesting Facts | Shah Rukh Khan | Taapsee Pannu | Rajkumar Hirani |
502,ğŸ‡ºğŸ‡¸india to america ğŸ‡ºğŸ‡² america donkey #panama #usa #america #donkey #maxico #canada #amazing
720,Usa donkey à¨…à¨®à¨°à©€à¨•à¨¾à¨‚ à¨¦à©‹à¨•à©€à¨‚ funny ğŸ˜€ || panama jungle donkey
1009,USA donkey || Mexico to USA Texas border crossing today ğŸ˜±
1585,"Dunki, Danki, Donkey Laga k Europe Jana.. Dunki laganay main konsay masail paish atay hain"
761,My First New Year in America ğŸ‡ºğŸ‡¸ | à¤…à¤®à¥‡à¤°à¤¿à¤•à¤¾ à¤®à¥‡à¤‚ à¤•à¥ˆà¤¸à¤¾ à¤°à¤¹à¤¾ à¤®à¥‡à¤°à¤¾ à¤¨à¤¯à¤¾ à¤¸à¤¾à¤² ğŸ˜„à¥¤ USAğŸ‡ºğŸ‡¸ Ankush Malik Vlogs
1650,DUNKI MOVIE FIRST LOOK | Shahrukh Khan New Movie Dunki | Rajkumar Hirani &amp; Shahrukh Khan | #shorts
1329,UK Moving Out From European Convention of Human Rights To Curb Migrants ???
1503,SRK RAJU HIRANI DUNKI ANNOUNCEMENT REACTION
938,USA Donkey I india to usa donkey I #shorts
1734,BONGKAR RESEP DONAT REGULER DUNKIN DONUT ALA WILDA MOMS
872,USA Donkey I india to usa donkey I #shorts
1594,Shahrukh Dunki Shocking Update | Dunki Shooting | Dunki Latest News | Pathaan VS Jawan VS Dunki
775,#usa #donkey #america @AGT
120,à¤­à¥‚à¤•à¥‡ à¤ªà¤¾à¤•à¤¿à¤¸à¥à¤¤à¤¾à¤¨ à¤•à¥‹ à¤…à¤•à¥‡à¤²à¥‡ à¤šà¤²à¤¾ à¤¸à¤•à¤¤à¥€ à¤¹à¥ˆ à¤­à¤¾à¤°à¤¤ à¤•à¥€ à¤¯à¥‡ à¤•à¤‚à¤ªà¤¨à¥€ | Booke Paki ko Akele Chala Sakti hBharat ki co
697,à¦†à¦®à§‡à¦°à¦¿à¦•à¦¾ à¦¬à¦°à§à¦¡à¦¾à¦°à§‡ à¦•à¦¿ à¦¹à§Ÿ à¦¦à§‡à¦–à§à¦¨ ğŸ‡ºğŸ‡¸ USA DONKEY 2 @Twmahbub
1639,Dunky Movie Update | Dunky Teaser | Rajkumar Hirani Movies | Shahrukh Khan | #shorts
1357,America me à¤•à¥Œà¤¨ à¤•à¤¿à¤¤à¤¨à¥‡ à¤ªà¥ˆà¤¸à¥‡ à¤•à¤®à¤¾à¤¤à¤¾ à¤¹à¥ˆ à¤”à¤° à¤•à¥ˆà¤¸à¥‡ Full details in this video @DonkeyAmericaki #usa
228,US DONKEY PANAMA JUNGLE
811,"ğŸ¤¯ğŸ’¥ Americansà®²à®¾à®®à¯ à®à®ªà¯à®Ÿà®¿à®¤à®¾à®©à¯ 5, 6 à®ªà¯†à®¤à¯à®¤à®¿à®•à¯à®°à®™à¯à®•à®³à¯‹ à®‡à®™à¯à®• 2à®•à¯à®•à¯‡ à®•à®£à¯à®£ à®•à®Ÿà¯à®Ÿà¯à®¤à¯  #tamilvlogusa"
1741,"DUNKI TRAILER | Shah Rukh Khan, Taapsee Pannu | Dunki Movie Trailer Shah Rukh Khan | #dunki"
857,Usa borderğŸ‡ºğŸ‡¸ #2numabri #donkey #haryana #india #ravraaz #panama #usa #america #2numberi #jaat ğŸ‡ºğŸ‡¸
284,sunday update #mexicoborder #usadonkey #texas #eaglepass #indiatousa #usa #Mexico #punjabi #panama
1327,à¤­à¤¾à¤°à¤¤ à¤¨à¥‡ à¤¬à¤¨à¤¾ à¤¡à¤¾à¤²à¥€ à¤à¤¶à¤¿à¤¯à¤¾ à¤•à¥€ à¤¸à¤¬à¤¸à¥‡ à¤¬à¤¡à¥€ à¤¹à¥‡à¤²à¥€à¤•à¥‰à¤ªà¥à¤Ÿà¤° à¤«à¥ˆà¤•à¥à¤Ÿà¥à¤°à¥€à¥¤pak media on india latestà¥¤pakistani reaction
1164,India ğŸ‡®ğŸ‡³ To USA ğŸ‡ºğŸ‡¸ | à¤¦à¤¿à¤²à¥à¤²à¥€ à¤¸à¥‡ à¤¸à¤«à¤¼à¤° à¤¶à¥à¤°à¥‚ âœŒğŸ»à¥¤First Flight âœˆï¸ | Part- 01 | Ankush Malik Vlogs
712,usa donkey ğŸ‡ºğŸ‡¸ video ll Panama jungle  khatrnak donkey ll Panama jungle part -1 ğŸ‡µğŸ‡¦
1454,"Dunki Announcement, SRK"
1081,India to usa #donkey #2021 #mexico  to #usa
300,Pakistan to USA New Donkey Flight Route | ğŸ‡µğŸ‡° âœˆï¸ ğŸ‡ºğŸ‡¸  USA ki donkey in Urdu 2022.
978,India ğŸ‡®ğŸ‡³ se direct America ğŸ‡ºğŸ‡¸ ( USA ) Full details in this video @DonkeyAmericaki #donkey #trend
1221,USA DONKEY I INDIA TO USA I  à¨¦à©‡à¨–à©‹ à¨²à¨¿à¨µ à¨¦à©‹à¨‚à¨•à©€ à¨•à©€à©œà¨¾ à¨²à©±à¨—à¨¦à©€ à¨ #shorts
1624,Paladins of the Realm
924,USA ki Donkey / PAKISTANI TO USA KI DONKEY.
1450,DUNKI OR DONKEY ILLEGAL BORDER CROSSING || Never go behind Short Cuts #border #illegal #dunki
196,MEXICAN WALL - Official Lyric Video | Malhi Kotkhalsa |  Friends Production
397,Panama jungle usa ğŸ‡ºğŸ‡¸ || usa donkey || #panama #usa
748,USA DONKEY ğŸ‡ºğŸ‡²|| PANAMA JUNGLE ğŸ˜±|| 2 Numbri @speedrecords @officialajaysharma07
1090,#Usa #india #donkey #Country #bharat #paisa
676,usa donkey #youtubeshorts #short #viral #shortvideo #donkey
106,These buildings are cut in HALF by the US-Canadian border
619,Brazil Camp USA DonkeyğŸ‡ºğŸ‡¸ Part-1 #donkey #panama #usa #viral
1848,DUNKI | 30 Interesting Facts | Where Will Be The Shooting Done |Shahrukh Khan | Taapsee Pannu | 2023
1833,GUESS THE EMOJIS ...BUT ITS GARTEN OF BANBAN?!? *IMPOSSIBLE DIFFICULTY*
434,USA Donkey 2022 ğŸ‡ºğŸ‡² | New update video | Haryana to USA | panama jungle camp 3
1250,India to canada#shorts #aircanada#indiatocanada#usa #canada #donkey #viralshorts
1802,YO MAMA SO FAT SHE THOUGHT DUNKIN DONUTS WAS A BASKETBALL TEAM! | Try Not To Laugh YO MAMA EDITION!
835,USA: Mexico Donkey Route - Way to Death | Full Explained | MK Films
1423,Zai1k &quot;Dump It Dummy&quot; feat. 2Rare (Official Music Video)
966,INDIA TO AMERICA 2NO | AMERICA DONKEY #shorts #trending #usa #virel #funny #trending
890,"à¤ªà¤¹à¥à¤‚à¤š à¤—à¤¯à¤¾ à¤°à¤¿à¤¶à¥à¤¤à¥‡à¤¦à¤¾à¤° .. India to usa donkey, Usa donkey"
232,Vekho 2 number ch america jaan valya da haal donky lag rhi a pnama de jangla vich
1615,The Wonky Donkey - An Animated Storybook for Kids
122,USA Donkey ğŸ‡®ğŸ‡³ to ğŸ‡ºğŸ‡¸ | à¤ªà¤¨à¤¾à¤®à¤¾ à¤œà¤‚à¤—à¤² à¤®à¥‡à¤‚ à¤®à¤¿à¤²à¥‡ à¤®à¥à¤°à¥à¤¦à¤¾ à¤†à¤¦à¤®à¥€
426,#america #donkey #usa #panama #2numabri #donkeyusa #store #indian #jobinusa #donkeyroute #haryanvi
169,#shorts #short Jungle Panama donkey #country #mexico #america #junglepanama #viral #usa #donkey
1881,Nejire
162,America Donkey #panama #usadonkey #2numberi #dreamusa
1563,Probando TODAS las DONAS de DUNKIN DONUTS ğŸ© Â¿Son mas de 50? ğŸ˜±
1595,Enter the Gungeon (dunkview)
455,USA Donkey panama jungle
405,Amerika USA donkey ğŸ‡ºğŸ‡¸||USA wale #donkey #shorts #usa
1371,WONKY DONKEY SONG UNOFFICIAL MUSIC VIDEO
154,USAğŸ‡ºğŸ‡¸ Donkey| Panama Jungle| #shorts #youtubeshorts #youtube #usa #america #donkey #panama#2numbari
511,(Part 2) Panama Jungle to America Border Crossing ğŸ‡ºğŸ‡²| Usa Donkey #shorts
937,#usa #vlogs #donkey #india to USA ğŸ‡ºğŸ‡² #pname #donkey #video
1912,SPAIN EUROPE jaana ITNA EASY kaise ho paaya aur woh bhi FULLON SWAG se?
1845,anthem
779,#usa #donkey #america @AGT
1130,Donkey India to America
1520,Making Iced Coffee with Dunkin Donuts
1589,ğŸ¥¤ STARBUCKS VS DUNKIN DONUTS ğŸ© Â¿CuÃ¡l es mejor? Comparando TODO el MENÃš by LADY PECAS ğŸ¤¤
1325,Tinkay Ka Sahara - Episode 20 [ğ‚ğ‚] - ( Sonya Hussain - Sami Khan - Rabab Hashim ) 06 Feb 23 - HUM TV
1582,Shahrukh Khan Biggest Upcoming Movies | Pathan | Dunki | Jawan | Don 3 | #shahrukhkhan #shorts
1190,#farming #farmer #trending #Usa #donkey #haryanvi #haryana #punjab #india #chandigarh #canada #usa
1711,Donkey Always Remains a Donkey  ! Sales Motivations | Sonu Sharma ! Join us : 7678481813
785,USA donkey wala 2numberi jatt illegals risking entry their lives getting into America #usa #canada
391,usa donkey ğŸ‡ºğŸ‡¸ #donkey #usadonkey #usa #panama #panamajungle #mexico #mexicodonkey #usaupdate
920,USA  Donkey Route - America donky map | Panama jungle |
1524,Dunki | Title Announcement | Shah Rukh Khan | Taapsee Pannu | Rajkumar Hirani | 22 Dec 23
554,#Usa donkey latest news #border closing due lockdown Panama border jassi backpacker vlogs#
1576,DONKEY  à¤¨à¤¹à¤¿  DUNKI SHAH RUKH #shorts #dunki
215,Panama Jungal First Night 2023 || USA TO INDIA DONKEY 2023 | #usa #usadonkey #panama #usaharyanvi
16,India to Usa (Donkey)
613,usa donkey ğŸ‡ºğŸ‡¸( jungle Panama )
548,Part 4 || Full Information about Panama Jungle || @billavlogs06
1199,ğŸ˜²ğŸ˜²ğŸ˜² # USA donkey # america donkey #
267,India to Mexico ğŸ‡²ğŸ‡½ #mexicoborder #indiatousa #usadonkey
1671,Wonky Donkey and Yellow Bird Dance (with performance by Dance Plus group)
1039,USA Donkey I india to usa donkey I #shorts
1769,Vir The Robot Boy | New Episode | Chulbul In Circus | Wow Kidz Action
1208,Usa donkey 2023 shorts Live in Panama Saboga New Route India to Amrica donkey
1860,Tashikanamono (feat. Cheeba)
321,Maxico to Usa Texas Border Donkey News | Usa Donkey
833,India ğŸ‡®ğŸ‡³ To USA ğŸ‡ºğŸ‡¸ | Part 15 | à¤ªà¤¨à¤¾à¤®à¤¾ à¤œà¤‚à¤—à¤² à¤®à¥‡à¤‚ à¤˜à¥à¤¸ à¤—à¤¯à¥‡ ğŸ˜±à¥¤ Panama ğŸ‡µğŸ‡¦ Jungle | Capurgana| USA
1681,ğŸ˜³SRK is Back ğŸ¤”Srk Is Coming #pathaandateannouncement #jawaan #dunki #shorts #srk #sharukhkhanmovie
475,New USA Donkey Video | panama jungle crossing | Indian boys in donkey | 2022
1718,Wonky Donkey (Live Performance on What Now!) by Craig Smith
1284,#usa #america #donkey @AGT
1315,DONKI - à¨¡à©Œà¨‚à¨•à©€ [Ful Movie]  Latest Punjabi Movies 2021 | Baaz Productions Dublin
1483,SHAH RUKH KHAN vs AKSHAY KUMAR &amp; TIGER SHROFF | DUNKI vs BADE MIYAN CHOTE MIYAN | CHRISTMAS 2023 |
1669,dunki movie trailer. Shahrukh Khan. #short . line explain007.
776,2 numbari staff wale | Usa donkey status |#america #usa #americaviral #usadonkey #status #shorts
399,Panama to Usa Donkey ğŸ‡ºğŸ‡²| à¨œà¨¾à¨¨ à¨¦à©€ à¨ªà¨°à¨µà¨¾à¨¹ à¨¨à¨¹à©€à¨‚ ğŸ¥º|Usa Donkey #shorts
1048,Indian  to America donkey#america #shorts
69,Donkey india to usa indian part 2 à¨¬à©°à¨¦à©‡ à¨¦à©€ à¨¹à¨¾à¨²à¨¤ à¨¦à©‚à¨œà©‡ğŸ˜‚ à¨¦à©‡à¨¸à¨¼ à¨š Donkey maxico to usa ğŸ˜y aa koi chakkr à¨¨à©€
442,USA ğŸ‡±ğŸ‡· ch vadh rhi illegal entry #usadonkey #mexicoborder #indiatousa #donki
964,USA DONKEY I INDIA TO USA I #shorts
649,à¨Ÿà¨°à©±à¨• à¨†à¨²à©‡ à¨¨à¨¾à¨² à¨ªà©°à¨—à¨¾ ğŸ˜‚ #america #usa #usadonkey #mexicoborder #mexico #punjabi #donki #panama #india
1177,USA DONKEY CAMP LATEST VIDEO | AMERICA DONKEY
1819,Dhunki Song | Mere Brother Ki Dulhan | Katrina Kaif | Neha Bhasin | Sohail Sen | Irshad Kamil
342,America ğŸ‡ºğŸ‡² usa donkey panama jungle entryâœŒï¸ğŸ‡®ğŸ‡³ğŸ”¥
325,"Ravi Singh Khalsa à¨¨à©‡ à¨¦à¨¿à¨–à¨¾à¨‡à¨† Turkey à¨¦à©‡ à¨­à©à¨šà¨¾à¨² à¨ªà©€à©œà¨¤ à¨²à©‹à¨•à¨¾à¨‚ à¨¦à¨¾ à¨¹à¨¾à¨², à¨‡à¨¸ à¨‡à¨²à¨¾à¨•à©‡ &#39;à¨š à¨¡à¨¿à©±à¨—à©€à¨†à¨‚ à¨¸à¨¾à¨°à©€à¨†à¨‚ à¨‡à¨®à¨¾à¨°à¨¤à¨¾à¨‚"
601,PANAMA JUNGLEğŸ‡µğŸ‡¦ ll HARYANVI JAAT ll PUNJABI ll USA DONKEYğŸ‡ºğŸ‡¸ ll#panama #donkey #usa #pendu
638,usa  donkey complete #panama#shortvideo #mexico  #viral #usa #donkey #trading
618,donkey (usa) panama jungle story
660,Usa donkeyğŸ‡ºğŸ‡¸ â¤ï¸ 2023 usa donkey  panama jungleğŸ‡µğŸ‡¦ kaise par kare
1842,Pakistan Sy Turkey Ki Dunki | Iran Sy Turkey Jany Walon Ky liye Dunki Ka New Route â¤ Shahzad Stories
1368,"One Autograph Return Today from Del Rio, Texas! A former 1970&#39;s Indian for my PC."
401,USA DONKEY PANAMA CROSSING
796,truck lover
341,usa donkey new update full enjoyğŸ’«ğŸŠ #donkey #dubai #usa #america #jungle #panama
870,USA DONKEY ğŸ‡ºğŸ‡² VIDEO || PANAMA JUNGEL MAFIA MILA ğŸ¥·ğŸ¥· || Part- 4 à¤ªà¤¨à¤¾à¤®à¤¾ à¤œà¤‚à¤—à¤² à¤¡à¥‹à¤‚à¤•à¥€ à¤µà¥€à¤¡à¤¿à¤¯à¥‹ ! #tranding
1287,USA DONKEY ğŸ‡ºğŸ‡² VIDEO || LIMA TO THUMBS CITY TK KA SAFAR || à¤²à¥€à¤®à¤¾ à¤¸à¥‡ à¤¥à¤®à¥à¤¸ à¤¸à¤¿à¤Ÿà¥€ à¤¤à¤• à¤•à¤¾ à¤¸à¤«à¤°! #tranding
529,Panama jungle donkey || usa donkey || India to Mexico ğŸ‡²ğŸ‡½
367,Panama jungle || USA Donkey || 2022 Punjab to Mexico || hard life || USA DONKEY #youtube
