,Title_Description
906,üáÆüá≥ India To USA üá∫üá≤ Donkey || America Donkey || Mexico Border Crossing To USA-India To USA Donkey || America Donkey || Mexico Border Crossing To USA #usadonkey #indiatousa #americadonkey ...
194,USA Donkey I India to USA I-freevisaadvisor #usadonkey #usadonkey2022 USA Donkey I India to USA I Free Visa Advisor don't promote illegals border ...
1839,Dunki Office Trailer : Latest Update | Shahrukh Khan | Boman Irani | Taapsee Pannu-Dunki Office Trailer : Latest Update | Shahrukh Khan | Boman Irani | Taapsee Pannu #dunki #shahrukhkhan #bomanirani ...
184,"PANAMA Jungle ( USA Donkey)#short #youtubeshorts #shortvideo-This is my video when I was going to usa, Mexico ,Panama jungle guys if you want to see and her my personal experience. let me ..."
8,Donkey India To America Funny Video Must WatchüòÇüòÇüòÇ-shorts #ComedyVideo #OpTarun.
1385,Tekken 7 : Kuma Madness-I'm barely even trying. dunko store https://dunkeyscastle.com/
760,USA Donkey ‡§≤‡§ó‡§æ‡§®‡•á ‡§∏‡•á ‡§™‡§π‡§≤‡•á ‡§™‡§®‡§æ‡§Æ‡§æ ‡§ú‡§Ç‡§ó‡§≤ ‡§Æ‡•á‡§Ç ‡§´‡§Ç‡§∏‡•á ‡§≤‡•ã‡§ó‡•ã‡§Ç ‡§ï‡•Ä ‡§™‡•Å‡§∞‡•Ä ‡§ï‡§π‡§æ‡§®‡•Ä ‡§ú‡§∞‡•Ç‡§∞ ‡§∏‡•Å‡§®‡•á‡•§‡§ï‡§æ‡§≤‡§æ ‡§∏‡§ö USA Donkey ‡§ï‡§æ‡•§-USA Donkey ‡§≤‡§ó‡§æ‡§®‡•á ‡§∏‡•á ‡§™‡§π‡§≤‡•á ‡§™‡§®‡§æ‡§Æ‡§æ ‡§ú‡§Ç‡§ó‡§≤ ‡§Æ‡•á‡§Ç ‡§´‡§Ç‡§∏‡•á ‡§≤‡•ã‡§ó‡•ã‡§Ç ‡§ï‡•Ä ‡§™‡•Å‡§∞‡•Ä ‡§ï‡§π‡§æ‡§®‡•Ä ‡§ú‡§∞‡•Ç‡§∞ ...
1325,Tinkay Ka Sahara - Episode 20 [ùêÇùêÇ] - ( Sonya Hussain - Sami Khan - Rabab Hashim ) 06 Feb 23 - HUM TV-Watch all episodes of top 2022 Pakistani dramas only on HUM TV's YouTube channel. Tinkay Ka Sahara - Episode 20 [CC] ...
976,Title 42 US | Usa Mexico Donkey | USA Mexico Border Update | India To USA Donkey#usadonkey#mexico#us-My channel:-https://www.youtube.com/channel/UCn7K... Press The BELL ICON For Get Next Video Information. For Daily Live ...
1491,"The Wonky Donkey-For licensing or usage, contact licensing@viralhog.com) Buy the book here - https://amzn.to/3BulTjI Affiliate link disclosure ..."
914,"Mexico airport immigration Pakistan Indian in Mexico || us ki donkey --- Mexico ki donkey-Mexico airport immigration Pakistan Indian in Mexico || us ki donkey --- Mexico ki donkey #usadonkey2022, #usakidonkey2022, ..."
44,USA üá∫üá≤DONKEY PUNAMA JUNGLE TO TAPACHULA MEXICO @rahul___sheokand #youtube #viralvideos #india #usa-USA DONKEY MEXICO JUNGLE TO TAPACHULA MEXICO @rahul___sheokand #usadonkey #mexicojungle ...
1789,"Is It Remake ? SRK Film pathan,Jawan,Dunki | Movie Review |‡§∂‡§æ‡§π‡§∞‡•Å‡§ñ ‡§ñ‡§æ‡§® ‡§ï‡•Ä ‡§´‡§ø‡§≤‡•ç‡§Æ | #pathan#Jawan#Dunki-Is It Remake ? SRK Film pathan,Jawan,Dunki | Movie Review |‡§∂‡§æ‡§π‡§∞‡•Å‡§ñ ‡§ñ‡§æ‡§® ‡§ï‡•Ä ‡§´‡§ø‡§≤‡•ç‡§Æ | #pathan#Jawan#dunki ..."
1635,Dunkin&#39; Donkey-This was fun to make TWITCH Come watch me play video games: https://www.twitch.tv/dabosskid365 FOLLOW ME Instagram: ...
1814,Woman&#39;s Profane Dunkin Donuts Rant Goes Viral-It all started because the Florida woman didn't get a receipt for her purchase at Dunkin Donuts.
132,USA DONKEY VIDEO || Honduras Guatemala to || ‡§π‡•ã‡§Ç‡§°‡•Å‡§∞‡§æ‡§∏ ‡§ó‡•ç‡§µ‡§æ‡§ü‡•á‡§Æ‡§æ‡§≤‡§æ ‡§∏‡•á ‡§§‡§™‡§ö‡•Å‡§≤‡§æ ‡§ï‡§æ ‡§∏‡§´‡§∞! @jaspalthevlog-USA DONKEY VIDEO || Honduras Guatemala to Tapachula || ‡§π‡•ã‡§Ç‡§°‡•Å‡§∞‡§æ‡§∏ ‡§ó‡•ç‡§µ‡§æ‡§ü‡•á‡§Æ‡§æ‡§≤‡§æ ‡§∏‡•á ‡§§‡§™‡§ö‡•Å‡§≤‡§æ ...
1140,#2numabri #2numabri #india #donkey #usa #america #usadonkey #usaborder #mexico #panama #donkey üá∫üá∏-Insta= honeymaan05 Insta=rishideswal USA ‡§Æ‡•á‡§Ç ‡§ï‡§æ‡§Æ ‡§ï‡•ç‡§Ø‡•ã‡§Ç ‡§®‡§π‡•Ä‡§Ç ‡§Æ‡§ø‡§≤ ‡§∞‡§π‡§æ ‡§ï‡•à‡§∏‡•á ‡§Æ‡§ø‡§≤‡•á‡§ó‡§æ ...
305,Ecuador Update | India to Ecuador donkey flight | Ecuador to USA- ‡®Ø‡©Ç‡®ê‡®∏‡®è ‡®°‡©Ä ‡®°‡©∞‡®ï‡©Ä .-Ecuador visa free | India to Ecuador donkey flight | Ecuador to USA- ‡®Ø‡©Ç‡®ê‡®∏‡®è ‡®°‡©Ä ‡®°‡©∞‡®ï‡©Ä .
267,India to Mexico üá≤üáΩ #mexicoborder #indiatousa #usadonkey-usa #mexicocity #humantrafficking #waytousa #waytomaxico #panama #panamajungle #mexico #border.
1726,Man shot to death after dispute at Dunkin&#39; Donuts in the Bronx-A confrontation at a doughnut shop in the Bronx ended in a deadly shooting Friday; CBS2's Cory James reports.
461,USA DONKEY PANAMA JUNGLE üá∫üá≤üá∫üá≤üá∫üá≤üá∫üá≤-Created by InShot:https://inshotapp.page.link/YTShare.
1133,USA ki Donkey information in Punjabi  || PUNJABI IN USA.-Pakistan India to US ki Donkey. USA ki Donkey information in Punjabi. USA (America) ki Donkey |India (Punjab) to Us America ...
1165,USA DONKEY I INDIA TO USA I #shorts-shorts #usadonkey #freevisaadvisor #indiatousa USA Donkey I India to USA I #shorts Free Visa Advisor don't promote illegals ...
1459,"El verdadero origen de Dunkin Donuts-Hola amigos! ¬øSab√≠as del origen de uno de los grandes de la comida r√°pida? Dunkin Donuts no solo tiene deliciosas rosquillas, ..."
994,usa donkey I india to usa I #shorts-shorts #usvisa #usdonkey #usdonki #freevisaadvisor usa donkey I india to usa I #shorts My other Youtube Channel for : Shorts ...
1364,Turkey BARBAAD ho Geya || MODI ka Dil BADA he || INDIAN shocking REACTION || Vukamp in TURKEY ||-Turkey BARBAAD ho Geya || MODI ka Dil BADA he || INDIAN shocking REACTION || Vukamp in TURKEY || #indianopinion ...
768,"Albaniaüá¶üá± bad immigration experience on Indian passport üáÆüá≥ #shorts-albania visa for indians,albania visa free indians,india to albania,albania immigration,albania immigration for indians,indian ..."
831,INDIA TO USA üá∫üá∏ FULL DETAILS ASHU ROR || USA DONKEY MAI KAISE JATE HAI-INDIA TO USA FULL DETAILS ASHU ROR || USA DONKEY MAI KAISE JATE HAI Instagrams ...
1310,Not safe girls USA donkey üò∞ || Mexico to America border crossing Punjabi || usa donkey-donkey americaa || donkey 2022 ||Usa donkey america ||donkey ||mexico border crossing to usa punjabiIndia to USA donkey ...
1721,Dunki Title Announcement Review | SRK RAJKUMAR HIRANI-DunkiTitleAnnouncement #SrkRajkumarHirani #Dunki.
1761,"Dunkin Donuts Anti-Masker Karen Wants a Dozen Donuts But It‚Äôs 50-Dunkin Donuts Anti-Masker Karen Wants a Dozen Donuts, please subscribe http://bit.ly/3oD0qg1 So a dozen is 12, a baker's doze ..."
187,"mexico border crossing to usa...|| usa donkey 2022 || usa donkey border crossing || donkey |-If you like the video, be sure to subscribe and subscribe to my channel. I am a new youtuber. Support me. With your support, my ..."
1421,"Shah Rukh Khan Latest Interview - Dunki, his 3 years break, Pathaan and OTT REACTION!!!-Join this channel to get access to perks: https://www.youtube.com/channel/UCR4z8ccOWNoUThB4VAMNBTg/join THANKS SO ..."
911,‡§°‡•ã‡§Ç‡§ï‡•Ä ‡§≤‡§ó‡§æ ‡§ï‡§∞ ‡§ó‡§Ø‡§æ ‡§•‡§æ ‡§Ö‡§Æ‡•á‡§∞‡§ø‡§ï‡§æ | 17 ‡§Æ‡•á‡§Ç ‡§∏‡•á 2 ‡§¨‡§Ç‡§¶‡•á ‡§π‡•Ä ‡§¨‡§ö‡•á ‡§ú‡§ø‡§Ç‡§¶‡§æ | SWAG MEDIA | Ajay Gill Kurar|-Ajay Gill Kurar Instagram https://instagram.com/Ajaygillkurar Tags : donkey american donkey american pronunciation donkey ...
522,USA donkey 27may to5 June-Too much problem.
1161,USA Donkey I india to usa donkey I #shorts-shorts #usadonkey #usadonkey2022 #viral #shortsvideo #freevisaadvisor USA Donkey I india to usa donkey I #shorts Free Visa ...
500,USA Donkey New Route || Panama jungle Entry || USA border Crossing-Join this channel to get access to perks: https://www.youtube.com/channel/UCAG1LdfVT4QZI1xk3froGoA/join Thnxu for watching ...
1505,Donkey Kong December-Get ready for an entire month of Donkey Kong uploads. donkey store https://dunkeyscastle.com/ donkey twitter ...
295,USA donkey status | India to USA by mexico donkey |-usa_donkey #illegal_entry.
1341,üò±-2¬∞c ü•∂ü•∂üáÆüáπ#immigration #cyprus #europevisa #news #italy #india #atwalvlogs #2023 #newvideo #bari-Channel nu subscribe kro like comment share koi galbaat krne te tuc mnu dm kr sakde aa link ‚¨áÔ∏è Instagram link ...
1558,"Best Of Stephen Curry&#39;s Career Dunks-Check out the best dunks of Steph Curry's career! Subscribe to the NBA: http://bit.ly/2rCglzY For news, stories, highlights and more ..."
1386,"DUNKI || FULL MOVIE || HINDI URDU || TURKEY SAY PAKISTAN || ASAD PENDU VLOGS-Hello, I hope everyone will be fine This video is not a video but it is a real life story of my life. I am making this video and showing it ..."
1792,"Dunki Trailer Announcement |Shahrukh Khan, Taapsee Pannu | Dunki Movie Trailer | Rajkumar Hirani-Dunki Trailer Announcement |Shahrukh Khan, Taapsee Pannu | Dunki Movie Trailer | Rajkumar Hirani ‡§ï‡•ç‡§Ø‡§æ ‡§π‡•à ‡§Ø‡•á ..."
361,"Asylum processüá∫üá∏ #usadonkey #mexicoborder #indiatousa #usa #mexico #panama #america #punjabi-Hello Everyone, this is the latest update from Maxico - USA Border in this video .. Maxico border da haal Maxico USA donkey ..."
1452,Latest hindi movie Dunki | Shahrukh Khan new hindi film Donkey || #shorts #viralshorts #india #news-Latest hindi movie Dunki | Shahrukh Khan new hindi film Donkey || #shorts #viralshorts #india #news #aamerhabib #newvideo.
671,Donkey America panama jungle-donkey #america #panama #jungle.
1055,America ki donkey in August | india to usa | PUNJAB TO USA | Donkey flight-America ki donkey in August | india to usa | PUNJAB TO USA | Donkey flight #Americakidonkey #Donkeyflight #PUNJAB-USA ...
1729,UNKNOWN Facts of Donkey Flight  Explained by Suman Vyas | ‡§ï‡•ç‡§Ø‡§æ ‡§π‡•à DUNKI ? #Dunki #Donkeyflight #tsvs-What is Donkey Flight? ‡§ï‡•ç‡§Ø‡§æ ‡§π‡•à DUNKI? All those unknown facts explained by Suman Vyas in detail . get all your answers ...
469,usa donkey experience with me | panama jungle donkey | india to usa donkey video | usa donkey 2022 |-USA donkey experience with me | panama jungle donkey | india to usa donkey video | usa donkey 2022.
1665,"A Horse &amp; Donkey Get Their Teeth Checked | The Incredible Dr. Pol-A horse and a donkey get a regular check up, while both animals are healthy the donkey is quite overweight and needs a change ..."
580,Brazil Camp USA Donkeyüá∫üá∏#panama #usa #donkey #trending #viral-Brazil Camp USA Donkey    #panama #usa #donkey #trending #viral #ytshorts #shorts #myfirstvlog #funny #myfirstvlogviral ...
1834,Dunki Official Trailer : Emotional Shoot | Shahrukh Khan | Taapsee | Rajkumar Hirani | Boman H-Dunki Official Trailer : Emotional Shoot | Shahrukh Khan | Taapsee | Rajkumar Hirani | Boman H #dunki #shahrukhkhan ...
1636,Final Fantasy VII-This game has more grinding than all the Tony Hawks put together.
58,Donkey India to USA with flight in june-This video are copyrighted....
208,AMERICA AALEüá∫üá≤||DONKEY PANAMA JUNGLE ENTRY IN AMERICA ‚õî||2 NUMBER ENTER IN AMERICA ‚õî#usa#australia-NEW YOUTUBE CHANNEL LINKS:---- https://youtube.com/channel/UCEofhJ9skwig81JalLYEIOw INSTA FOLLOWERS ...
1464,Dunki | Title Announcement Reaction | By 3 Idiots Of Mumbai | Bade Miyan Chote Miyan CLASH | SRK-DunkiTitleAnnouncement #DunkiMovieAnnouncement #ShahRukhKhan Dunki Movie Title Announcement Video Teaser Trailer ...
1394,Star Wars : Jedi Fallen Order-Happy thanksgiving yall. dunko store https://dunkeyscastle.com/
780,America Donkey 2023 üá∫üá∏-indiatousa #panamajungle #americadonkey #trendingshorts ÔøΩÔøΩNew #usadonkey #shortsÔøΩÔøΩ#usaborder #
1154,USAüá∫üá≤ DONKEY FULL INFORMATION HARYANVI BOYS || ALL UPDATE USA DONKEY INDIA TO USA 2numbari #shorts-jldi se jldi channel ko subscribe donkey american donkey american pronunciation donkey american flag donkey american english ...
839,ü§îIndian family USA border crossing ü§î-border crossing Indian family.
1064,USA Donkey I india to usa donkey route I #shorts-shorts #freevisaadvisor #usvisa USA Donkey I india to usa donkey route I #shorts My other Youtube Channel for : Shorts Free ...
1748,"Funky - Justo A Tiempo, Contigo &amp; Creo En Ti (Live) Explo Music Fest-Funky - Justo A Tiempo, Contigo & Creo En Ti (Live) Explo Music Fest [Episode 3] Suscr√≠bete para estar conectado: ..."
46,Usa donkey üá∫üá≤| India to Usa donkey | ‡®Ö‡®Æ‡®∞‡©Ä‡®ï‡®æ üá∫üá≤ #shorts-(Part 7) Mexico To America Border Crossing | Usa Donkey 2022 | #shorts #usaborder #panamajungle #americadonkey ...
489,USA donkey-Mexico borders -Brazil flights -Panama jungle.-US-Mexico Border Wall Update | Mexico Border Donkey | Joe Biden start Mexico wall.The Biden administration says it may restart ...
1211,USA Donkey I india to usa donkey I-usa #usadonkey #usadonkey2022 #freevisaadvisor USA Donkey I india to usa donkey I Free Visa Advisor don't promote illegals ...
1828,"Animal Sounds - Donkey-Donkey, I am a Donkey, What do I say? Bray, bray, I say it all day. Take a look at our YouTube Channels: English Channel: ..."
1553,"·ä•·äî ·àò·à±·ãµ ·äê·äù ·àõ·äï·äï·àù ·ä†·àç·çà·à´·àù!  @comedianeshetu   #kids #dinklejoch #award #record #zemayared #1million-Comedian Eshetu Believes Parents Should Be Very Careful About What They Speak, Hear And Do IN Front Of Their children."
852,USA Donkey I india to usa donkey I #shorts-shorts #donkeyamerica #usa #usadonkey2023 #freevisaadvsior USA Donkey I india to usa donkey I #shorts Free Visa Advisor ...
651,USA DONKEYüá∫üá∏||PANAMA JANGAL üèïÔ∏è|| KISTE KE RASTE AMERICA|| Full INFORMATION VIDEO-Usa donkey#panama donkey#
795,‡®≠‡©Ç‡®ö‡®æ‡®≤ ‡®®‡©á ‡®§‡©Å‡®∞‡®ï‡©Ä ‡®®‡©Ç‡©∞ ‡®¨‡©Å‡®∞‡©Ä ‡®§‡®∞‡©ç‡®π‡®æ‡®Ç ‡®π‡®ø‡®≤‡®æ‡®á‡®Ü ‡®π‡©Å‡®£ ‡®§‡©±‡®ï 5100 ‡®§‡©ã‡®Ç ‡®µ‡©±‡®ß ‡®≤‡©ã‡®ï‡®æ‡®Ç ‡®¶‡©Ä ‡®Æ‡©å‡®§-turkey #earthquake #turkeyearthquake2023 #earthquakeinturkey #punjabiradiousa ‡®≠‡©Ç‡®ö‡®æ‡®≤ ‡®®‡©á ‡®§‡©Å‡®∞‡®ï‡©Ä ‡®®‡©Ç‡©∞ ‡®¨‡©Å‡®∞‡©Ä ...
1702,"Dunki | Title Announcement | Shah Rukh Khan, Taapsee pannu ,Rajkumar Hirani | Dunk Cast members-dunki, dunkirk, shrek argue dunki shah rukh khan, donkey shahrukh khan, dunki film shahrukh khan, dunki shah rukh khan ..."
1418,I&#39;m Done With League of Legends-Thanks for all of your support over the years baby.
884,India to USA Donkey #shorts-shorts #freevisaadvisor Free Visa Advisor don't promote illegals border crossing activities. This video is only for awareness ...
1052,SEA DONKEY to America(Donki)-Way to America via Sea Dangerous way.
80,"DONKEY AMERICA üá∫üá∏ USA DONKEY || MEXICO BORDER CROSSING TO USA PUNJABI @nishudeswalhr31-DONKEY AMERICA USA DONKEY || MEXICO BORDER CROSSING TO USA PUNJABI USA DONKEY 2022 ,INDIAN BOYS ..."
1086,USA Donkey I India to USA I #yt20 #yt20shorts #shorts-USA Donkey I India to USA I $yt20 #yt20shorts #shorts Free Visa Advisor don't promote illegals border crossing activities.
335,"Panama üáµüá¶ jungle üá∫üá∏ USA  Donkey üá∫üá∏ #usa donkey-Panama jungle USA Donkey #usa donkey in panama jungle USA , Australia ,Canada information PLEASE MY ..."
225,usa üá∫üá∏ donkey Panama üáµüá¶ jungle-pl subscribe our chennal for more information Jassi Backpacker Vlogs Gmail.jasvindersingh46664@gmail.com Pl follow ...
1759,Halloween Trick or Treat - 20+ Minutes - Hey Duggee - Duggee&#39;s Best Bits-Duggee and the Squirrels hear a spooky noise. But where is it coming from? It's time for a 20-minute Halloween adventure!
224,New USA Mexico Border Policy 2023 - Jaspreet Singh Attorney-Biden Announced New USA Mexico border policy 2023 Like - Share - Comment - Subscribe #JaspreetSinghAttorney‚Äã ...
560,USA donkey border crossing #shorts #gauravmaan-Full video https://youtu.be/O8C15GVaIqg #usadonkey #americadonkey #gauravmaan.
1816,"‡§ó‡§ß‡•á ‡§ï‡•á ‡§Ü‡§ó‡•á ‡§ó‡§æ‡§ú‡§∞ ‡§¨‡§æ‡§Å‡§ß ‡§¶‡•á‡§Ç ‡§§‡•ã ‡§ï‡•ç‡§Ø‡§æ ‡§π‡•ã‡§ó‡§æ?üòÇ Unexpected Results | ‡§≤‡§æ‡§≤‡§ö‡•Ä ‡§ó‡§ß‡§æ??-Hello guys, is video me humne ek gadhe ke aage gajar baad ke dekha hai ki ye kya karega?"
1175,USA donkey üá∫üá∏by ship üõ≥ ||America donkey || #usa #donkey #shorts-USA donkey by ship ||America donkey || #usa #donkey #shorts channel link:- ...
1712,Tension (Full Video) Nijjar feat. Karan Aujla | Deep Jandu | Rupan Bal I Latest Punjabi Songs 2018-Singer : Nijjar Lyrics/Feat: Karan Aujla Music: Deep Jandu Video: Rupan Bal Editer :Jagjit Dhanoa Project by: Deep Rehaan ...
1267,IndiaüáÆüá≥ to America donkeyüá∫üá∏|| Usa donkey||Panama jangle||‡§≠‡§æ‡§∞‡§§ ‡§∏‡•á ‡§Ö‡§Æ‡•á‡§∞‡§ø‡§ï‡§æ ‡§§‡§ï ‡§ï‡§ø ‡§´‡•Å‡§≤ ‡§µ‡•Ä‡§°‡§ø‡§Ø‡•ã-usadonkey #americadonkey #panama donkey #panama jangal barizl se peru #peru se ecuador #ecoudor se colombia ...
215,Panama Jungal First Night 2023 || USA TO INDIA DONKEY 2023 | #usa #usadonkey #panama #usaharyanvi-Panama Jungal First Night 2023 || USA TO INDIA DONKEY 2023 | haryanvi#usa #usadonkey #panama #usaharyanvi ...
1693,"Pakistani Couple Reacts To Dunki | Title Announcement | Shah Rukh Khan | Taapsee P | Rajkumar Hirani-For Video Removal Email Us reactionsbysuleman@gmail.com , we will remove asap ---this video is only made for reaction and ..."
90,"To Cut Long Waiting Period For US Visas, New Rules For Indians-With the appointment waiting period for a US visa still over 500 days in most of India, despite attempts to cut the backlog, the US ..."
1912,SPAIN EUROPE jaana ITNA EASY kaise ho paaya aur woh bhi FULLON SWAG se?-How to travel in SPAIN Europe? . A lot of people ask me this question and today I am going to answer all the questions with this ...
42,Europe To  Usa Donkey || Europe To Mexico Informationüá∫üá∏ || ‡®™‡©Å‡®∞‡®§‡®ó‡®æ‡®≤ ‡®§‡©ã‡®Ç ‡®Æ‡©à‡®ï‡®∏‡©Ä‡®ï‡©ã ‡®ï‡®ø‡®µ‡©á‡®Ç ‡®ú‡®æ ‡®∏‡®ï‡®¶‡©á 2022-EuropeToUsa #PortugaltoUsa #EuropeToMexico #EuropeToMexicoDonkey #Portugaltrctomexico Welcome to our youtube ...
886,"America Donkey üá∫üá≤,| India to Usa Donkey üá∫üá≤ 2022 #shorts-(Part 8) Mexico To America Border Crossing | Usa Donkey 2022 | #shorts #shorts #usaborder #usadonkey ..."
1427,"SHREK Clip - &quot;Talking Donkey&quot; (2001)-Watch the official SHREK Clip - ""Talking Donkey"" (2001). Let us know what you think in the comments below! SHREK is the ..."
174,Panama Jungle To America Border Crossing üá∫üá≤ | Usa Donkey New Video #shorts-Panama Jungle To America Border Crossing | Usa Donkey New Video #shorts #shorts #panamajungle #usaborder ...
1414,DUNKI Teaser Review | Shahrukh Khan | Yogi Bolta Hai-Dunki Teaser Review by Yogi Bolta Hai Dunki Announcement Teaser Review by Yogi Bolta Hai Dunki Teaser Trailer Review ...
1213,(Part 3) Today Mexico To Usa Border Crossing üá∫üá≤ | America Donkey | Usa Donkey Border Crossing-Hello Everyone Please My Content Share Other Platform ...
59,new video US Mexico border donkey  || USA KI DONKEY.-new video US Mexico border donkey USA KI DONKEY. TEACH VISA PUNJABI === https://bit.ly/3aM6jAp ...
419,Panama jungle donkey-Pl subscribe our chennal for more information Jassi Backpacker Vlogs Gmail.jasvindersingh46664@gmail.com Pl follow ...
929,Usa Mexico Donkey | USA Mexico Border Update | India To USA Donkey#usadonkey#mexicoborder#border#usa-My channel:-https://www.youtube.com/channel/UCn7K... Press The BELL ICON For Get Next Video Information. For Daily Live ...
1402,Dunki. Donki. Turkey Camp video.-Dunki. Donki. Turkey Camp video.
1138,New News For Donkey 2022 || New update India üáÆüá≥ to Usa üá∫üá∏ donkey-New News For Donkey 2022 || New update India to Usa donkey channel link ...
932,Ecuador visa free |  India to Ecuador donkey flight | Ecuador to USA-  ‡®Ø‡©Ç‡®ê‡®∏‡®è ‡®°‡©Ä ‡®°‡©∞‡®ï‡©Ä .-Ecuador visa free | India to Ecuador donkey flight | Ecuador to USA- ‡®Ø‡©Ç‡®ê‡®∏‡®è ‡®°‡©Ä ‡®°‡©∞‡®ï‡©Ä .#usakidonkey ...
654,"donkey americaa || donkey 2022 ||Usa donkey america ||donkey ||mexico border crossing to usa punjabi-donkey americaa || donkey 2022 ||Usa donkey america ||donkey ||mexico border crossing to usa punjabi , haryanvi america jane k ..."
511,(Part 2) Panama Jungle to America Border Crossing üá∫üá≤| Usa Donkey #shorts-(Part 2) Panama Jungle to America Border Crossing | Usa Donkey Video #shorts #usadonkey #panamajungle #shorts ...
1882,10 Restaurant Chains That Are Currently Shrinking-These are the top 10 restaurant chains that are currently shrinking. These iconic restaurant brands have shed multiple locations in ...
97,Tuday In California üá∫üá≤üá∫üá≤ USA AALA JAAT üòé#usa #california #shorts #short-Tuday In California USA AALA JAAT #usa #california #shorts #short #mexico #newmexico #canada #india #indian ...
675,"Donkey , USA Donkey | India To USA Donkey #shorts #donkey2022 #usadonkey2022-Donkey , USA Donkey | India To USA Donkey #shorts #donkey2022 #usadonkey2022 #yourimmigrationchannel India In To USA ..."
1821,"Donkey diva: Singing beast of burden becomes Indian sensation | AFP-Emily, a rescue donkey who lives at an animal shelter in the Indian city of Pune has become an internet sensation after a clip of ..."
1776,"DUNKI TRAILER | Shah Rukh Khan, Taapsee Pannu | Dunki Movie Trailer Shah Rukh Khan | #dunki-DUNKI OFFICIAL TRAILER | DUNKI TRAILER | DUNKI SHAH RUKH KHAN MOVIE | DUNKI MOVIE TRAILER | DUNKI MOVIE ..."
1168,Donkey America I India to USA I USA Donkey 2022 I  ‡©õ‡®ø‡©∞‡®¶‡®ó‡©Ä ‡®®‡®æ‡®≤ ‡®è‡®¶‡®æ‡®Ç ‡®ñ‡®ø‡®≤‡®µ‡®æ‡©ú ‡®ï‡®Ø‡©ã‡®Ç ?-usadonkey #usadonkey #usadonkey2022 #freevisaadvisor Donkey America I India to USA I USA Donkey 2022 I ‡®ú‡®º‡®ø‡©∞‡®¶‡®ó‡©Ä ...
808,India joins indo pacific forum for 5 trillion Doller economy   5 ‡§ü‡•ç‡§∞‡§ø‡§≤‡§ø‡§Ø‡§® ‡§°‡•â‡§≤‡§∞ ‡§Ö‡§∞‡•ç‡§•‡§µ‡•ç‡§Ø‡§µ‡§∏‡•ç‡§•‡§æ ‡§ï‡•á ‡§≤‡§ø‡§è..-india joins indo pacific forum for 5 trillion Doller economy 5 ‡§ü‡•ç‡§∞‡§ø‡§≤‡§ø‡§Ø‡§® ‡§°‡•â‡§≤‡§∞ ‡§Ö‡§∞‡•ç‡§•‡§µ‡•ç‡§Ø‡§µ‡§∏‡•ç‡§•‡§æ ‡§ï‡•á ‡§≤‡§ø‡§è ...
641,Usa Donkey üá∫üá∏ | Panama ‡§ú‡§Ç‡§ó‡§≤ ‡§Æ‡•á‡§Ç 15 ‡§∏‡•á ‡§´‡§Ç‡§∏‡•á ‡§π‡•Å‡§è ‡§π‡•à üò± | Donkey America #shorts-Donkey America | Today Mexico to Usa Border Crossing | Usa Donkey #shorts #usaborder #panamajungle #americadonkey ...
298,"USA-Mexico Border Par immigration officer Ne Pakda Aur? || Indian in America-Hi, In this video I visited the USA-Mexico Border. For more Live updates follow me on Instagram: SuntyDreams My Instagram: ..."
1630,Ja Morant&#39;s BEST High-Flying Jams ü§Ø-DOWNLOAD THE NBA APP HERE: https://app.link.nba.com/App22 Subscribe to the NBA: https://on.nba.com/2JX5gSN.
867,Mexico to Usa Border Crossing 2022 üá∫üá≤ | Usa Donkey #shorts-USA donkey Usa Mexico border Crossing Mexico to usa border Crossing Usa border coursing Mexico to usa donkey Punjab to ...
1854,„ÄêD.U.N.K.„Äë„Åì„Çå„ÅûË¶ã„Åü„Åã„Å£„ÅüÈü≥Ê•ΩÁï™ÁµÑÔºÅ„Åù„Çå„Åû„Çå„ÅÆÁπã„Åå„Çä„Å´ÊÑüÂãïÔºÅÔºè2Ë©±ÊÑüÊÉ≥-„ÄêÂá∫ÂÖ∏„Äë‰ªäÂõûË©±„Åó„Åü„Äå‰ΩúÂìÅ„Äç„ÅØ‚Ä¶ ‚óã„ÄåD.U.N.K. -DANCE UNIVERSE NEVER KILLED-„Äç https://dunk.dance/ ...
257,An Indian immigrant to usa story-via YouTube Capture.
617,Donkey at Mexico border | donkey vlog | usa | donkey experience in punjab | Panama&#39;s jungle | canada-live donkey at usa | Panama jungle | Mexico border crossing | canada | donkey video | #donkey #usa #canada #mexico ...
1674,Stephen Curry Dunks? Stephen Curry Dunks!-Roll the tape on Stephen Curry's strongest career slams!
830,India üáÆüá≥ to America üá∫üá≤ #usa donkey #viral #youtubeshorts #videoüá∫üá≤üéØ‚õ≥Ô∏è-Pind vich vaje America wala ni.
1877,SHAHRUKH KHAN KE is 7 movies ke samne PATHAAN BHUL JAOGE | SRK Upcoming movies | Review Mintra-SHAHRUKH KHAN KE is 7 movies ke samne PATHAAN BHUL JAOGE | SRK Upcoming movies | Review Mintra dosto is me ...
827,Usa Donkey Only 14 Lakhs Mai Direct Mexico-UsaDonkey# Usa Donkey Only 14 Lakhs Mai Direct Mexico Instagram https://www.instagram.com/Guraya #namastebackpacker ...
871,Donkey America üá∫üá≤ | Usa Donkey Border Crossing | Usa Donkey 2023 #shorts-Usa donkey | India to Usa donkey | ‡®Ö‡®Æ‡®∞‡©Ä‡®ï‡®æ #shorts #usaborder #panamajungle #shorts #americadonkey ...
1596,Dunki Title Announcement Shahrukh Khan Tappse Paanu 22 Dec 2023-dunkimovie #shahrukh #22Dec2023#
1346,Donkey to America || kaise jaaye America full details||-my all friends and family members my uncle and you i will be there by tomorrow by Monday by evening and you i am in your ...
572,Donkey Punjab to USA | Jungle May Death üò≠ | Panama jungle | Donke Update-Donkey Punjab to USA | Jungle May Death | Panama jungle | Donke Update don't forget to like Comment and subscribe for ...
1336,"RECESSION in Canada ? JOB Chances  ‡§ï‡•à‡§∏‡•á ‡§π‡•à ?-How is job chance in Canada, Canada me recession hai ? ‚úì BEST IMMIGRATION AGENT FOR CANADA 2023 ..."
1188,USA DONKEY üá∫üá∏ INDIA TO USA JOURNEY NISHU DESWAL HR31 ||INDIA SE USA JANE MAI KITNA TIME LAGTA HAI-USA DONKEY INDIA TO USA JOURNEY NISHU DESWAL HR31 ||INDIA SE USA JANE MAI KITNA TIME LAGTA HAI ...
1671,Wonky Donkey and Yellow Bird Dance (with performance by Dance Plus group)-Wonky Donkey and Yellow Bird Dance Craig Smith Katz Cowley Dance music fun.
1369,Donkeys are in forest with families|| Funny donkey|| donkey matings|| Animal&#39;s world #matingseason-Donkey are in forest with family//È©¥ÂíåÂÆ∂‰∫∫Âú®Ê£ÆÊûóÈáå//‡¶ó‡¶æ‡¶ß‡¶æ ‡¶™‡¶∞‡¶ø‡¶¨‡¶æ‡¶∞ ‡¶®‡¶ø‡¶Ø‡¶º‡ßá ‡¶¨‡¶®‡ßá ‡¶Ü‡¶õ‡ßá//ÿ≠ŸÖÿßÿ± ŸÅŸä ÿßŸÑÿ∫ÿßÿ®ÿ© ŸÖÿπ ÿßŸÑÿπÿßÿ¶ŸÑÿ© ...
1533,Dunki - First Look | Shahrukh Khan| Taapsee Pannu | Vicky Kaushal | Boman Irani | RajKumar Hirani-Dunki - Vicky Kaushal Cameo | Shahrukh Khan| Taapsee Pannu | Vicky Kaushal | RajKumar Hirani Dunki Welcome to the another ...
1283,"Usa Border Crossing Girl üá∫üá≤| America Donkey | Usa Donkey  (Part 2)-Today Usa Border Crossing Punjabi ,| America Donkey | Usa Donkey 2022 #usadonkey #americadonkey #indiatousa ..."
1219,Usa Donkey üá∫üá≤ ‡§Æ‡•á ‡§≤‡§°‡§º‡§ï‡•Ä ‡§ï‡§æ ‡§¨‡§≤‡§æ‡§§‡§ï‡§æ‡§∞ ‡§ï‡§∞ ‡§¶‡§ø‡§Ø‡§æ ‡§°‡•ã‡§®‡§ï‡§∞ ‡§®‡•á üò° | America Donkey |Mexico to Usa Border Crossing-Usa Donkey ‡§≤‡§ó‡§æ‡§§‡•Ä ‡§≤‡§°‡§º‡§ï‡•Ä ‡§ï‡§æ ‡§¨‡§≤‡§æ‡§§‡§ï‡§æ‡§∞ ‡§ï‡§∞ ‡§¶‡§ø‡§Ø‡§æ Panama ‡§ú‡§Ç‡§ó‡§≤ ‡§Æ‡•á ‡§°‡•ã‡§®‡§ï‡§∞ ‡§®‡•á | America ...
115,Big Update  Russia Tourist Visa For Indians 2023 | Sabse Cheap Country ‡§á‡§Ç‡§°‡§ø‡§Ø‡§æ ‡§ï‡•Ä ‡§™‡§π‡§≤‡•Ä ‡§™‡§∏‡§Ç‡§¶ Russia.!-Big Update Russia Tourist Visa For Indians 2023 | Sabse Cheap Country ‡§á‡§Ç‡§°‡§ø‡§Ø‡§æ ‡§ï‡•Ä ‡§™‡§π‡§≤‡•Ä ‡§™‡§∏‡§Ç‡§¶ Russia.
822,India to üá∫üá∏ USA Donkey legal &amp; illegal documentation-All Process step by step-How agent works//Hindi-NEW Channel Link https://www.youtube.com/channel/UCQ4wHQNcVZL-IYWaK0pnCAQ.
1363,"Vishwaguru Bharat Sent Humanitarian Aid To Quake-Hit Turkey | Turkey Calls India &quot;DOST&quot; For Aid-Vishwaguru Bharat Sent Humanitarian Aid To Quake-Hit Turkey | Turkey Calls India ""DOST"" For Aid The first batch of earthquake ..."
878,mexico border crossing to usa...|| usa donkey 2022 || usa donkey border crossing || donkey ||-donkey americaa || donkey 2022 ||Usa donkey america ||donkey ||mexico border crossing to usa punjabiIndia to USA donkey ...
64,USA Donkey I India to USA I #shorts-shorts #usadonkey #usadonkey2022 #freevisaadvisor USA Donkey I India to USA I #shorts Free Visa Advisor don't promote ...
1545,"Dunki Teaser Trailer REVIEW | Deeksha Sharma-Dunki Teaser Trailer Review By Deeksha Sharma. Dunki Title Announcement Teaser Featuring Shah Rukh Khan, Taapsee ..."
141,dunkey to USA Via Panama Mexico.. fun video......no offense What is Donkey USA?-this is a fun video created by me subject is donkey to USA donkey is word used for illegal immigrants with illegal roots to USA ...
1498,"Humpty Dumpty - 3D Animation English Nursery Rhyme songs For Children with Lyrics-Humpty Dumpty - 3D Animation English Nursery Rhyme songs For Children. Lyrics: Humpty Dumpty Sat on a wall, Humpty ..."
1027,LATEST USA DONKEY UPDATE || US ki #donkey Information Punjabi || ‡®Ö‡®Æ‡®∞‡©Ä‡®ï‡®æ ‡®ï‡©Ä ‡®°‡©å‡®ï‡©Ä || INDIAN se US .-LATEST USA DONKEY UPDATE || US ki #donkey information punjabi || INDIAN se US . ‡®Ö‡®Æ‡®∞‡©Ä‡®ï‡®æ ‡®ï‡©Ä ‡®°‡©å‡®ï‡©Ä. #usadonkey ...
1822,"Dunki Song Srk | Dunki Teaser | ShahRukh Khan, Taapsee | Dhunki Trailer Srk | Dunki Official trailer-Dunki Song Srk | Dunki Teaser | Shah RukhKhan, Taapsee | Dhunki Trailer Srk | Dunki Official trailer @gossip_wala JIO Studios, ..."
1171,"Usa donkey border crossing | USA Depot kon kon  si county ko kr rhe hai new update-Usa donkey border crossing | USA Depot kon kon si county ko kr rhe hai new update Donkey USA , Australia ,Canada for ..."
805,Uncovering Why India Helping Turkey ? Kashmir ‡§ï‡•á ‡§¶‡•Å‡§∂‡•ç‡§Æ‡§® Turkey ‡§ï‡§æ ‡§Æ‡§¶‡§§ India ‡§ï‡•ç‡§Ø‡•ã‡§Ç ‡§ï‡§∞ ‡§∞‡§π‡§æ ‡§π‡•á ?-OperationDost #whyindiahelpingturkey #indianc17landinginturkey turkey ‡§Æ‡•á ‡§≠‡•Ç‡§ï‡§Ç‡§™ ‡§ï‡•á ‡§¨‡§ø‡§ö ‡§Ü‡§ß‡•Ä ‡§∞‡§æ‡§§ ‡§ï‡•ã india ...
1409,Red Dead Redemption 2 (dunkview)-(minor spoilers for Chapter 5) dunk store https://dunkeyscastle.com/
320,USA Donkey in Panama jungle #2022 #usa #donkey-USA Donkey in Panama jungle #2022 #usa #donkey this video only fun i think all people enjoy this video thank you .
1856,"Donkey Meaning-Video shows what donkey means. A domestic animal, , similar to a horse.. A stubborn person.. A fool.. donkey synonyms: ..."
568,USA Donkey üá∫üá≤ 2022 New video-usa donkey usa donkey 2022 usa ki donkey usa #usaborder #usadonkey usa donkey border crossing passion mafia usa donkey ...
1578,"Pathaan Vs Jawan Vs Dunki | Suraj Kumar |-Hello Everyone, Welcome to the New Video Today we will discuss Pathaan Vs Jawan Vs Dunki Movie | ( THIS VIDEO IS JUST ..."
1058,"usa donkey I India to USA I #shorts-shorts #usadonkey #usadonkey2022 In this video, we'll be talking about the harmful act of the US donkey. We'll discuss the ..."
1317,#usa #america #donkey #shorts @AGT @ajaygillkurarvlog873 #swagmedia-ajaygillkurarvlog873.
918,USA Donkey I India to USA I #shorts-shorts #usadonkey #usadonkey2022 #freevisaadvisor USA Donkey I India to USA I #shorts Free Visa Advisor don't promote ...
980,USA Donkey I India to USA I Panama k Jungle I #shorts-shorts #usadonkey #freevisaadvisor #indiatousa USA Donkey I India to USA I Panama k Jungle I #shorts Free Visa Advisor don't ...
1279,Donkey America || usa donkey || donkey || usa donkey 2022-donkey americaa || donkey 2022 ||Usa donkey america ||donkey ||mexico border crossing to usa punjabiIndia to USA donkey ...
1617,"Why 2023 Will Be SRK&#39;s Greatest Year So Far | Pathaan, Jawan, Dunki | Filmanter-It's been almost 4 years since we last got to see Shahrukh Khan on the big screen. It was a long wait, but it finally ends next year!"
108,Country Profile | India invites UAE to G-20 Summit to be held in New Delhi-India has invited the United Arab Emirates to the G-20 Summit to be held in New Delhi in September this year. The U.A.E. is one of ...
735,"‡®°‡©å‡®Ç‡®ï‡©Ä ‡®∞‡®æ‡®π‡©Ä‡®Ç ‡®Ö‡®Æ‡®∞‡©Ä‡®ï‡®æ ‡®¶‡®æ 40 ‡®¶‡®ø‡®® ‡®¶‡®æ ‡®¶‡®ø‡®≤ ‡®ï‡©∞‡®¨‡®æ‡®ä ‡®∏‡©û‡®∞,20 ‡®∏‡®æ‡®≤ ‡®¨‡®æ‡®Ö‡®¶ ‡®ñ‡©ã‡®≤‡©ç‡®π‡©á ‡®∏‡®æ‡®∞‡©á ‡®∞‡®æ‡®ú-‡®°‡©å‡®Ç‡®ï‡©Ä ‡®∞‡®æ‡®π‡©Ä‡®Ç ‡®Ö‡®Æ‡®∞‡©Ä‡®ï‡®æ ‡®¶‡®æ 40 ‡®¶‡®ø‡®® ‡®¶‡®æ ‡®¶‡®ø‡®≤ ‡®ï‡©∞‡®¨‡®æ‡®ä ‡®∏‡®´‡®º‡®∞,20 ‡®∏‡®æ‡®≤ ‡®¨‡®æ‡®Ö‡®¶ ‡®ñ‡©ã‡®≤‡©ç‡®π‡©á ‡®∏‡®æ‡®∞‡©á ..."
981,Punjabi enters in USA Illegal | entry | Immigration | Tragic story | Donkey | Punjab Mail USA TV-Punjab Mail USA TV Channel #IllegalUSAEntry #PunjabMailUSA #PunjabMailUSATV #GurjatinderRandhawa Subscribe to ...
566,USA DONKEY üá∫üá≤ VIDEO || AMERICA CAMP || COLOMBIA  PUNJABI SONG #panama #trending #usa-USA DONKEY VIDEO || AMERICA CAMP || COLOMBIA PUNJABI SONG #panama #trending #usa 2 Numabri USA Wala ...
667,America donkey || full details india to üá∫üá∏-panama #panamajungle #usadonkey #americadonkey #dollar #usa #calfornia #maxico #indiatousa #melbourne #donkey.
69,Donkey india to usa indian part 2 ‡®¨‡©∞‡®¶‡©á ‡®¶‡©Ä ‡®π‡®æ‡®≤‡®§ ‡®¶‡©Ç‡®ú‡©áüòÇ ‡®¶‡©á‡®∏‡®º ‡®ö Donkey maxico to usa üòÅy aa koi chakkr ‡®®‡©Ä-india#usa#donkey#border#crossing#Punjabi#funny.
898,Canada Donkey information 2021-22 | Canada Donkey flight | Asylum in Canada New Update.-Canada Donkey information 2021-22 | Canada Donkey flight | Asylum in Canada New Update.Canada donkey information new ...
1709,DUNKI Teaser Review | Shahrukh Khan-DUNKI Teaser Review | Shahrukh Khan Dunki Teaser Review by nitya k shots Dunki Announcement Teaser Review by Yogi ...
1001,usa donkey 2022üôèüèªü•µ new update full information in hindi MEXICO USA DONKY-usa donkey 2022 new update full information in hindi MEXICO USA DONKEY.
118,RAHUL GANDHI Vs Bharat joda Yatra !MODI ka alternative NEHI?INDIAN public shocking REACTION!!-RAHUL GANDHI Vs Bharat joda Yatra !MODI ka alternative NEHI?INDIAN public shocking REACTION!! ... #maturenationtv ...
1457,Metal Gear Solid Explained-It's actually very simple. dunk store https://dunkeyscastle.com/
634,"Panama jungle (usa donkey) #short #youtubeshorts #shortvideo-when I was going to usa, Panama jungle guys if you want to see and her my personal experience. let me now comment section."
1676,The Donkey in the Lion‚Äôs Skin | Aesop&#39;s Fables | Pinkfong Story Time for Children-Subscribe and watch new videos uploaded every week. ‚òÜ YouTube Channel: http://www.youtube.com/Pinkfong You are ...
75,USA Donkey I india to usa donkey I ‡®á‡®π ‡®ú‡©∞‡®ó‡®≤‡©á ‡®Æ‡©å‡®§ ‡®¶‡®æ ‡®ú‡©∞‡®ó‡®≤ ‡®è-shorts #shortsvideo #usadonkey #usadonkey2022 #freevisaadvisor USA Donkey I india to usa donkey I ‡®á‡®π ‡®ú‡©∞‡®ó‡®≤‡©á ‡®Æ‡©å‡®§ ...
1254,USA Donkey I india to usa donkey I ‡®¶‡©ã‡®Ç‡®ï‡©Ä ‡®ö ‡®¨‡©±‡®ö‡®ø‡®Ü‡®Ç ‡®¶‡©Ä ‡®ú‡®æ‡®Ç ‡®§‡©á ‡®¨‡®£ ‡®Ü‡®à I ‡®¶‡®ø‡®≤ ‡®¶‡®π‡®≤ ‡®ó‡®Ø‡®æ ‡®µ‡©á‡®ñ ‡®ï‡©á I-shorts #usadonkey #usadonkey2022 #usa #freevisaadvisor USA Donkey I india to usa donkey I ‡®¶‡©ã‡®Ç‡®ï‡©Ä ‡®ö ‡®¨‡©±‡®ö‡®ø‡®Ü‡®Ç ‡®¶‡©Ä ...
892,US(America) ki Donkey | India to USA | | Punjabi IN USA-Pakistan India to US ki Donkey. USA ki Donkey information in Punjabi. USA (America) ki Donkey |India (Punjab) to Us America ...
1741,"DUNKI TRAILER | Shah Rukh Khan, Taapsee Pannu | Dunki Movie Trailer Shah Rukh Khan | #dunki-DUNKI OFFICIAL TRAILER | DUNKI TRAILER | DUNKI SHAH RUKH KHAN MOVIE | DUNKI MOVIE TRAILER | DUNKI MOVIE ..."
1167,Live Usa donkey Border Crossing Mexico to America India to America donkey 2022 Many People Cross...-Live Usa donkey Border Crossing Mexico to America India to America donkey 2022 Many People Cross... #usadonkey ...
1815,How to make the Bagels and more at Dunkin&#39; Donuts training video-Hey guys I'm back and today imma show u how to put toppings and making them bigger so please enjoy and subscribe for more.
1489,Ultimate Skyrim-Dedicated to Bogan the Majestic. High Lord of the Brogan Isles.
1813,"Dunki | Teaser Review | Shah Rukh Khan | Taapsee Pannu | Rajkumar Hirani | Coming soon-Dunki Teaser Trailer Review. Dunki Title Announcement Teaser Featuring Shah Rukh Khan, Taapsee Pannu Directed By ..."
628,"Panama Jungle Vlog | ‡§ï‡§ø‡§§‡§®‡§æ ‡§ï‡•Å‡§õ ‡§ù‡•á‡§≤‡§®‡§æ ‡§™‡§°‡§º‡§æ | Usa Donkey Vlog üòÇ ‡§Æ‡§∞‡§§‡•á ‡§Æ‡§∞‡§§‡•á ‡§¨‡§ö‡•á #vlog #usadonkey #funny-panama jungle,panama,jungle,panama jungle donkey,panama jungle 2022,jungle tour panama,panama jungle mafia,hiking ..."
1281,"Serbia immigration for Indian | sarbia to Austria donkey? @NomadicTour-serbia immigration serbia vs Switzerland, serbia to Austria donkey, serbia to Austria donkey update, serbia to Italy donkey, serbia ..."
1162,india to America by donkey  (PART-1)  | ‡§Ö‡§ó‡§∞ ‡§Ü‡§™ ‡§Ö‡§Æ‡•á‡§∞‡§ø‡§ï‡§æ ‡§ú‡§æ‡§®‡§æ ‡§ö‡§æ‡§π‡§§‡•á ‡§π‡•à‡§Ç  | rsbkfastnews-RSBKFastNews#america about video es video me hmnea btea hai ki Jo log America jatea hai 2 number me vo kaise jaatea hai ...
253,Usa donkeyüá∫üá∏||Panama donkeyüèïÔ∏è|| Bogota se padie ka rasta usa donkey-usadonkey#panama#maxicoborder.
0,"‡§°‡•ã‡§Ç‡§ï‡•Ä ko ‡§≤‡•á‡§ï‡§∞ aapke ‡§∏‡§µ‡§æ‡§≤‡•ã‡§Ç ke ‡§ú‡§µ‡§æ‡§¨ ‡••INDIA to USAüá∫üá∏ #haryanviinusa #donky #indianinamerica-india to usa donkey,usa donkey,india to america donkey map,india to usa,india to usa donky,#india to usa donky,#india to usa ..."
983,India to USA Donkey Route || USA Border Crossing-India sy America Donkey Ka Tarea #india #america #donkey.
1029,usa donkey camp jail üá∫üá≤| Usa Donkey 2022 | America Jail | Mexico to Usa Border Crossing-America Donkey Jail ( ‡®®‡®∞‡®ï ‡®¶‡®æ ‡®ò‡®∞ ) Usa Donkey 2022 | usa donkey camp jail #indiatousa #usadonkey ...
1046,"USA DONKEY I INDIA TO USA I #shorts-shorts #freevisaadvisor #usadonkey usa donkey 2022 I India to usa I amrika donkey,mexico donkey,usa visa,usa donkey,usa ..."
907,USA Donkey I india to usa donkey I #shorts-shorts #usadonkey #usadonkey2022 #usa #freevisaadvisor USA Donkey I india to usa donkey I #shorts Free Visa Advisor don't ...
982,usa donkey üá∫üá∏ | India To Bahamas Visa | western Punjab-usa #donkey #mexico #goodvibes #bahamas.
61,Europe donkey |europe border crossing|pendu Jatt #donkey #europe #shorts-Europe donkey |europe border crossing |pendu Jatt #donkey #europe #shorts Europe donkey #usa donkey #uk donkey Australia ...
1370,"Dunki | Title Announcement | Shah Rukh Khan | Taapsee Pannu | Rajkumar Hirani | 22 Dec 23-JIO Studios, Red Chillies Entertainment and Rajkumar Hirani Films come together to bring to you, the film 'Dunki' directed by ..."
1212,USA Donkey New Video 2022 | Mexico border crossing | Indian boys in donkey | 2022-Usa donkey video mexico border crossing 2022 Ror boys #usadonkey #donkey #america #indianinamerica #usadonkeyvideo ...
1350,"NYC pays for migrants‚Äô bus tickets out of city-Facing an 'unprecedented crisis,' New York City is paying for migrants' bus tickets upstate. Though the mayor says the city is not ..."
1771,"The Syndrome Dunki (feat. Edki)-Provided to YouTube by Routenote The Syndrome Dunki (feat. Edki) ¬∑ Dunlook ¬∑ Edki Dunlook y Amigos ‚Ñó Dunlook Records, ..."
1473,"Bade Miyan Chote Miyan vs Dunki - Kon H Jyada Powerfull..? |Dunki Vs BMCM#akshay#srk-Bade Miyan Chote Miyan vs Dunki - Kon H Jyada Powerfull..? |Dunki Vs BMCM#akshay#srk Bade Miyan Chote Miyan, Akshay ..."
111,USA ‡§Æ‡•á‡§Ç ‡§π‡•Å‡§Ü WELCOME ‡•§‡•§ ‡§Æ‡•ã‡§¶‡•Ä ‡§¨‡§®‡•á ‡§¶‡•Å‡§®‡§ø‡§Ø‡§æ‡§Ç ‡§Æ‡•á‡§Ç ‡§®.1 #pakistan #india #narendramodi #usa #uk #news #china-USA ‡§Æ‡•á‡§Ç ‡§π‡•Å‡§Ü WELCOME ‡•§‡•§ ‡§Æ‡•ã‡§¶‡•Ä ‡§¨‡§®‡•á ‡§¶‡•Å‡§®‡§ø‡§Ø‡§æ‡§Ç ‡§Æ‡•á‡§Ç ‡§®.1 #pakistan #india #narendramodi #usa #uk ...
875,AMERICA DONKEY I INDIA TO USA I #shorts-shorts #shortsvideo #usadonkey #usadonkey2022 #freevisaadvisor AMERICA DONKEY I INDIA TO USA I #shorts Free Visa ...
1342,Surprising My Wife With A Mystery Gift Box üòçüéÅ-Don't forget to subscribe !!! Gaming Channel‚ñª https://www.youtube.com/c/duckyextra instagram‚ñª ...
882,mexico border crossing to usa...|| usa donkey 2022 || usa donkey border crossing || donkey ||-donkey americaa || donkey 2022 ||Usa donkey america ||donkey ||mexico border crossing to usa punjabiIndia to USA donkey ...
1306,Donki ‡§ï‡•ç‡§Ø‡§æ ‡§π‡•ã‡§§‡§æ ‡§π‡•à? || Story of Panama Jungle || ‡§™‡§®‡§æ‡§Æ‡§æ ‡§ú‡§Ç‡§ó‡§≤ ‡§ï‡§æ ‡§∞‡§π‡§∏‡•ç‡§Ø (Real Story)-Donki ‡§ï‡•ç‡§Ø‡§æ ‡§π‡•ã‡§§‡§æ ‡§π‡•à? || Story of Panama Jungle || ‡§™‡§®‡§æ‡§Æ‡§æ ‡§ú‡§Ç‡§ó‡§≤ ‡§ï‡§æ ‡§∞‡§π‡§∏‡•ç‡§Ø (Real Story) Hey what's up ...
1732,Shah Rukh Khan announces his next film Dunki with Rajkumar Hirani. #srk #donki #tapseepannu-srk #iamsrk #srkian #srkajol #srkians #srkfanclub #srkfan #srkuniverse #srkfans #srklovers #srkkajol #srkthebiggeststarofalltime ...
1390,DUNKI Trailer | First Look | Shahrukh Khan | Taapsee Pannu | Rajkumar Hirani | Dunki Teaser |-Dunki Trailer | First Look | Shahrukh Khan | Taapsee Pannu | Rajkumar Hirani | Dunki Teaser | Dunki Trailer concept presents by ...
1605,Dog Becomes Obsessed With A Newborn Donkey | The Dodo Odd Couples-This dog's been obsessed with a baby donkey since the day she was born on the farm sanctuary. Keep up with Colton and Willlow ...
1432,Dunki | Title Announcement | Shah Rukh Khan | Taapsee Pannu | Rajkumar Hirani |-Dunki | Title Announcement | Shah Rukh Khan | Taapsee Pannu | Rajkumar Hirani | #dunki #shahrukhkhan #srk WATCH NEXT ...
870,USA DONKEY üá∫üá≤ VIDEO || PANAMA JUNGEL MAFIA MILA ü•∑ü•∑ || Part- 4 ‡§™‡§®‡§æ‡§Æ‡§æ ‡§ú‡§Ç‡§ó‡§≤ ‡§°‡•ã‡§Ç‡§ï‡•Ä ‡§µ‡•Ä‡§°‡§ø‡§Ø‡•ã ! #tranding-USA DONKEY VIDEO || PANAMA JUNGEL DONKEY VIDEO || Part- 4 ‡§™‡§®‡§æ‡§Æ‡§æ ‡§ú‡§Ç‡§ó‡§≤ ‡§°‡•ã‡§Ç‡§ï‡•Ä ‡§µ‡•Ä‡§°‡§ø‡§Ø‡•ã !
897,HONDURAS TO GUATEMALA USA MEXICO BORDER || usa donkey 2022 || india to usa donkey-mexico border crossing to usa...|| usa donkey 2022 || usa donkey border crossing || donkey || your queries: queries:Mexico to USA ...
430,Punjabi Boy In Panama  || Punjab To Panama Donkey Flight || Panama To USA.-Punjabi Boy In Panama || Punjab To Panama Donkey Flight || Panama To USA. America di Donkey flight | USA DONKEY ...
1426,Dunderwatch-My last overwatch video for real this time. http://www.impawards.com/2007/posters/no_country_for_old_men.jpg thumb art by ...
432,"panama jungle ( usa donkey)#youtubeshorts #short #viral #shortvideo #shorts-This is my video when I was going to usa,Panama jungle guys if you want to see and her my personal experience. let me now ..."
1021,USA DONKEY üá∫üá≤ VIDEO || PANAMA JUNGEL  || Part- 6 ‡§™‡§®‡§æ‡§Æ‡§æ ‡§ú‡§Ç‡§ó‡§≤ ‡§°‡•ã‡§Ç‡§ï‡•Ä ‡§µ‡•Ä‡§°‡§ø‡§Ø‡•ã ‡§ú‡§Ç‡§ó‡§≤ ‡§ñ‡§§‡•ç‡§Æ ü•≥ü•≥ !  #tranding-USA DONKEY VIDEO || PANAMA JUNGEL || Part- 6 ‡§™‡§®‡§æ‡§Æ‡§æ ‡§ú‡§Ç‡§ó‡§≤ ‡§°‡•ã‡§Ç‡§ï‡•Ä ‡§µ‡•Ä‡§°‡§ø‡§Ø‡•ã ‡§ú‡§Ç‡§ó‡§≤ ‡§ñ‡§§‡•ç‡§Æ !
1688,Super Donkey Kong Shake-This is going to change youtube.
1581,"Shahrukh Khan ka movie new picture shooting donkey Dunki (2023)With Shah Rukh Khan, Taapsee Pannu, B-Dunki (2023) With Shah Rukh Khan, Taapsee Pannu, Boman Irani, Jeremy Wheeler. The film will highlight the rampant use of an ..."
1200,mexico border crossing to usa...|| usa donkey 2022 || usa donkey border crossing || donkey ||-donkey americaa || donkey 2022 ||Usa donkey america ||donkey ||mexico border crossing to usa punjabiIndia to USA donkey ...
1716,"ROBLOX | Donkey Princess attacks Dunkin Donuts! | Read desc.-Hey guys! My another video right now! :D Well, some of you might have noticed, this is the older version of DD. Well, I too have no ..."
1047,INDIA TO USA DONKEY ROUTE üá∫üá≤ FULL USA DONKEY ROUTE DETAILS|| USA DONKEY MAI KAISE AATE HAI #donkey-INDIA TO USA DONKEY ROUTE FULL USA DONKEY ROUTE DETAILS || USA DONKEY MAI KAISE AATE HAI If you like ...
819,India To USA Donkey Process-dipanshusaini #short #india.
96,USA AALA JAAT üòéüá∫üá∏üá∫üá≤#usa #california #india #youtubeshorts #shorts-USA AALA JAAT #usa #california #india #shorts #ytshorts #youtubeshorts ...
1850,Dunki Movie - ‡§∂‡§æ‡§π‡§∞‡•Å‡§ñ ‡§ñ‡§æ‡§® ‡§ï‡•Ä ‡§´‡§ø‡§≤‡•ç‡§Æ ‡§ï‡§æ ‡§®‡§æ‡§Æ ‡§°‡§Ç‡§ï‡•Ä ‡§π‡•Ä ‡§®‡§æ‡§Æ ‡§ï‡•ç‡§Ø‡•ã‡§Ç ‡§∞‡§ñ‡§æ ?  Reason For Dunki Movie Title-‡§∂‡§æ‡§π‡§∞‡•Å‡§ñ ‡§ñ‡§æ‡§® ‡§ï‡•Ä ‡§´‡§ø‡§≤‡•ç‡§Æ ‡§ï‡§æ ‡§®‡§æ‡§Æ ‡§°‡§Ç‡§ï‡•Ä ‡§π‡•Ä ‡§®‡§æ‡§Æ ‡§ï‡•ç‡§Ø‡•ã‡§Ç ‡§∞‡§ñ‡§æ ‡§∂‡§æ‡§π‡§∞‡•Å‡§ñ ‡§ñ‡§æ‡§® ‡§î‡§∞ ...
946,Donkey route to USA üá∫üá∏ || ‡§ó‡§º‡•à‡§∞‡§ï‡§º‡§æ‡§®‡•Ç‡§®‡•Ä ‡§§‡§∞‡•Ä‡§ï‡§º‡•á ‡§∏‡•á ‡§Ö‡§Æ‡§∞‡•Ä‡§ï‡§æ ‡§ï‡•à‡§∏‡•á ‡§ú‡§æ‡§§‡•á ‡§π‡•à ‡§≤‡•ã‡§ó üò≥ Shocked | America-Donkey route to USA || ‡§ó‡§º‡•à‡§∞‡§ï‡§º‡§æ‡§®‡•Ç‡§®‡•Ä ‡§§‡§∞‡•Ä‡§ï‡§º‡•á ‡§∏‡•á ‡§Ö‡§Æ‡§∞‡•Ä‡§ï‡§æ ‡§ï‡•à‡§∏‡•á ‡§ú‡§æ‡§§‡•á ‡§π‡•à ‡§≤‡•ã‡§ó Shocked ...
1382,"Doaba | Garry Sandhu ft Jind Dhillon | Latest Punjabi Song 2022 | Fresh Media Records-Latest Song Doaba By "" Garry Sandhu "" Audio link - https://bfan.link/doaba Singer -Garry Sandhu ft Jind Dhillon Lyrics / Composer ..."
1189,Pakistanüáµüá∞ or IndiaüáÆüá≥ Sy Americaüá∫üá∏ Danki Haqeeqt | Mexico To America Donkey | AdeelJameelGlobal-Hi Dosto Ic Video Mai apko dekhaya Hai Kesy America Danki Lagai ja rhi hai Log Illegal jany k liye Kya kuch kr rhy Hain. Pakistan ...
917,Russia to America Donkey flight.-Russia to America | Russia ki donkey | America USA ki donkey // Russia to America Donkey flight.Pakistan India to Russia to ...
804,"Got a Flight Layover in Saudi Here&#39;s How to Get FREE Hotel and Visa!-Hello friends, Welcome to ""Indian Everywhere"", I like to share my travel experience with you all so that your travel becomes ..."
869,pakistan se america jane ka rasta | india se america ki donkey | usa donkey border crossing 2022 |-pakistan se america jane ka rasta | india se america ki donkey | usa donkey border crossing 2022 | assalamu alaikum ...
1269,donkey India to America-amrican #india #donkey #India to #America #Obama #pR #city #punjabi.
157,PANAMA JUNGLE CAMP üèï PART (2) FULL DETAIL ASHU ROR USA DONKEY üá∫üá∏-PANAMA JUNGLE CAMP PART (2) FULL DETAIL ASHU ROR USA DONKEY instagram :- ashu_ror_22.
846,India to Usa Donkey üá∫üá≤| America donkey Wale #shorts-Usa Donkey ‡®¶‡®æ ‡®∏‡®π‡©Ä ‡®∞‡®∏‡®§‡®æ ‡®ï‡®ø‡®π‡©ú‡®æ By Bus | India to Usa Donkey Route #shorts #shorts #ytshorts #shortvideos ...
1880,Pathaan vs KGF 2 vs RRR Box Office Collection REACTION | Deeksha Sharma-Pathaan vs KGF 2 vs RRR Box Office Collection Reaction By Deeksha Sharma. Pathaan Shahrukh Khan Film has Officially ...
1127,Donkey INDIA to USA‚Ä¶. USA VISA .. Success rate-abroad #study #instagram #usa.
1535,Donas al estilo Dunkin&#39; Donuts ! ‚ô°-Una receta inspirada en mi local favorito de DONAS!!! Video dedicado a: Antonella ‚ô° Inscribete en mis proximos cursos online a ...
1746,"Dunkirk - Trailer 1 [HD]-From filmmaker Christopher Nolan (‚ÄúInterstellar,‚Äù ‚ÄúInception,‚Äù ‚ÄúThe Dark Knight‚Äù Trilogy) comes the epic action thriller DUNKIRK, ..."
1889,"I was paid to put a hit out on DK (Tomodachi Life #10)-Streamed on February 2nd, 2023. Watch my streams LIVE on Twitch: https://twitch.tv/beta64 My main channel with beta info on ..."
851,"üáÆüá≥ India To Usa üá∫üá≤ Donkey Route | Usa Donkey 2023 | America Donkey #shorts-donkey route to usa from india ,     | Usa Donkey | America Donkey #shorts #shorts #panamajungle #usaborder ..."
1825,Dunkin&#39; Commercial 2021 - (USA)-Dunkin #ColdBrewWithSweetColdFoam #ColdBrew #AmericaRunsOnDunkin.
329,Aaj toh America ki donkey lga di üòõüòÜ #america #america_donkey #panama #maxico-Aaj toh America ki donkey lga di #america #america_donkey #panama #maxico Thanks for watching Like share subscribe if ...
608,America Dhonkey full video panama jungle ind to usaüá∫üá∏üá∫üá∏-full video India to usa panama jungle dekhiya donkey m kya kya hota h full video #america #usa #donkey #panama #jungle #usa.
1687,Dunki Official Trailer : Climax Shoot | Shahrukh Khan | Taapsee | Boman Irani | Rajkumar Hirani-Dunki Official Trailer : Climax Shoot | Shahrukh Khan | Taapsee | Boman Irani | Rajkumar Hirani #dunki #shahrukhkhan ...
460,Panama Jungle Part 3 Usa Donkey üá∫üá∏ New Video / 2 Number Me Usa Jane Vale üá∫üá∏ / America Wali Donky-UsaDonkey #AmericaDonkey #CrossMexicoBorderVideo #AmricaKiDonkeyVideo #PanamaJungleFullDetailsVideo ...
1496,Dunki || vyom Skeleton || Donkey Se Romance @shah rukh Khan roasting   || Dunki trailer roasting üê¥üê¥üê¥-Donkey || vyom Skeleton || Donkey Se Romance @shah rukh Khan roasting @ dunki roasting || Dunki trailer #vyomskeleton ...
1780,Dunki | Title Announcement | Shah Rukh Khan | Taapsee Pannu | Rajkumar Hirani | 22 Dec 23-Dunki | Title Announcement | Shah Rukh Khan | Taapsee Pannu | Rajkumar Hirani | 22 Dec 23.
284,"sunday update #mexicoborder #usadonkey #texas #eaglepass #indiatousa #usa #Mexico #punjabi #panama-Hello Everyone, this is the latest update from Maxico - USA Border in this video .. music #picsart Maxico border da haal Maxico ..."
1117,"India to USA: How to get a Visa I USA Donkey I USA Donkey 2022 I-usadonkey,#donkeyusa,#panamajungle,#usa,#mexicodonkey,#mexicojungle,#usaborder,#mexicoborder India to USA: How to ..."
485,PANAMAüá∫üá≤ JUNGLE PEOPLE IN DONKEY WALE||INDIA TO AMERICA AALE||HR 42 STATUS||#canada #australia #usa-usa_donkey_panama_jungle_videos #canada #australia #jerman #dubai #pakistan #india #japan #chinese #usa #lifestyle ...
1881,Nejire-Provided to YouTube by CDBaby Nejire ¬∑ Donkey Monkey ¬∑ Eve Risser ¬∑ Yuko Oshima Hanakana ‚Ñó 2011 Umlaut Records ...
114,"Biden invites PM Modi, why pakistani are crying | pain of danggar dr. qamar cheema-Original #Video #Link https://youtu.be/M-bhz9jojwM All #credit goes to above mentioned original #video #Youtube links with ..."
1170,indiaüáÆüá≥to usaüá∫üá≤üá∫üá≤ #instagram #india #spain #donkey #subscribe #usa #punjabi #shorts-india     to usa         usa donkey.
518,Brazil Panama Mexico | Flight Route | USA Donkey Flight | Airport immigration | Visit Visa 2022 .-Brazil Panama Mexico | Flight Route | USA Donkey Flight | Airport immigration | Visit Visa 2022 .#DonkeyFlight ...
669,||Panama camp|| USA donkey üá∫üá≤ ‡§Ø‡§π‡§æ‡§Ç ‡§™‡§∞ ‡§∏‡§æ‡§∞‡•Ä ‡§∏‡•Å‡§µ‡§ø‡§ß‡§æ ‡§Æ‡§ø‡§≤‡§§‡•Ä ‡§π‡•à üôè-usadonkey #america #2023 #usa #panama.
1853,BAN! Struggling Donkey Labour #animals #donkey #pakistan #shorts-animals #donkey #pakistan #shorts In modern times where technology and engineering has come so far I am against the use of ...
1398,Welcome to Overwatch 2-They really PHONED this one in. donkey store https://dunkeyscastle.com/ donkey twitch https://www.twitch.tv/dunkstream.
866,New update 2021 USA donkey Bond information in hindi kitna kharcha aaya-New update 2021 USA donkey Bond information in hindi.
1425,Donkey Ya DunkiüòÇ| Shahrukh Khan Ye Kaha Aa Gaye Tum‡•§-Dunki nam ki kovie rajkumar hirani la rhe hai‡•§ 22 dec 2023 ko aane wali hai jisme tapsee pannu v hai‡•§ #dunki #shahrukhkhan ...
1145,"#usa #panama #india #america #video #donkey #2023 #shorts #song #2023election #2023song #2numbari-usa donkey , donkey usa , america donkey , donkey america , india to usa donkey , usa donkey border crossing , usa donkey ..."
1437,"Nintendo Direct vs Sony Direct-Whoever wins, xbox loses. donkey store https://dunkeyscastle.com/ donkey twitch https://www.twitch.tv/dunkstream."
887,India to usa donkey #shorts  #gauravmaan-usa donkey full video on main channel.
924,USA ki Donkey / PAKISTANI TO USA KI DONKEY.-USA ki Donkey / PAKISTANI TO USA KI DONKEY.illegal immigrant in Europe and USA.Pakistan to Brazil ki donkey.Pakistan to ...
362,AMERICA DONKEY MAP!!-This is my video recorded with DU Recorder. It's easy to record your screen and livestream. Download link: Android: ...
1352,Apni Modified Kawasaki Ninja H2 Lekar Ke Ghar Aahi Gaye üòç-Giveaway Channel Video - https://youtu.be/1iRJ0QGvYMI Music 30 Days Free Subscription ...
88,USA üá∫üá∏  ‡§Æ‡•á‡§Ç ‡§ï‡§æ‡§Æ ‡§ï‡•ç‡§Ø‡•ã‡§Ç ‡§®‡§π‡•Ä‡§Ç ‡§Æ‡§ø‡§≤ ‡§∞‡§π‡§æ üò± ‡§ï‡•à‡§∏‡•á ‡§Æ‡§ø‡§≤‡•á‡§ó‡§æ ‡§ï‡§æ‡§Æ ‡§ú‡§æ‡§®‡§®‡•á ‡§ï‡•á ‡§≤‡§ø‡§Ø‡•á ‡§¶‡•á‡§ñ‡•ã ‡§Ø‡•á video USA Donkey-Insta= honeymaan05 Insta=rishideswal USA ‡§Æ‡•á‡§Ç ‡§ï‡§æ‡§Æ ‡§ï‡•ç‡§Ø‡•ã‡§Ç ‡§®‡§π‡•Ä‡§Ç ‡§Æ‡§ø‡§≤ ‡§∞‡§π‡§æ ‡§ï‡•à‡§∏‡•á ‡§Æ‡§ø‡§≤‡•á‡§ó‡§æ ...
1337,I BECAME A SUPER GOAT-I BECAME A SUPER GOAT | GOAT SIMULATOR 3 #GoatSimulator3 #TechnoGamerz Subscribe to our Second YouTube ...
1594,Shahrukh Dunki Shocking Update | Dunki Shooting | Dunki Latest News | Pathaan VS Jawan VS Dunki-Shahrukh Dunki Shocking Update | Dunki Shooting | Dunki Latest News | Pathaan VS Jawan VS Dunki #SdKaReview #dunki ...
223,"Donkey ?????? #america #indianinusa #donkey #americakidonki #haryanviinusa (Part :1)-usa ki donkey,america donkey,donkey america,america ki donkey,usa donkey,usa ki donkey information hindi,usa ki donkey ..."
1653,Cute Dunki Film 2 | Donkey King Video-new #donkey #funny #donkeyking #animals #viral #video #gadhi #dunki.
1857,"Luke Dunkin&#39;s Low Budget Live-Low Budget Live with the Dunkin family February 28th, 2019."
1099,India üáÆüá≥ To USA üá∫üá∏ | Part 14 | ‡§™‡§®‡§æ‡§Æ‡§æ ‡§ú‡§Ç‡§ó‡§≤ ‡§ï‡•á ‡§≤‡§ø‡§è ‡§®‡§ø‡§ï‡§≤ ‡§™‡§°‡§º‡•á üò≤‡•§Necocli To Capurgana| Americaüá∫üá∏-Jai Mata Di America #usa     #usa #america #trending #reels #reelitfeelit #trend #explore #explorepage #usa     ...
237,Panama Jungle ‡®¶‡®æ ‡®ï‡®æ‡®≤‡®æ ‡®∏‡©±‡®ö üî¥Usa Donkey Time ‡®Ü‡®â‡®Ç‡®¶‡®æ ‡®π‡©à ‡®á‡®π ‡®ñ‡®§‡®∞‡®®‡®æ‡®ï ‡®ú‡©∞‡®ó‡®≤ üá∫üá∏ ‡®ñ‡®æ‡®Ç ‡®ó‡®ø‡®Ü ‡®ï‡®à ‡®™‡©∞‡®ú‡®æ‡®¨‡©Ä ‡®ó‡©±‡®≠‡®∞‡©Ç-usadonkey#panamajungle#usapunjabi.
1210,USA Donkey 2022 New Video | Mexico border crossing | Indian boys in donkey |2022 #americadonkeyvideo-Usa donkey video mexico border crossing 2022 #usadonkey #donkey #america #indianinamerica #usadonkeyvideo #america ...
31,mexico to usa illegal [india pakistan bangladesh] PARTS 1 USA KI donkey  2018 in URDU&amp;HINDI.-mexico to usa illegal [india pakistan bangladesh] PARTS 1 2018 in URDU&HINDI. India to usa by donkey U S A bond after ...
1143,Maxico Border Crossing To Usa | Usa Donkey 2022 #usadonkey @ashuror22-Maxico Border Crossing To Usa | Usa Donkey 2022 @ashuror22 #maxico #usadonkey #maxicodonkey #maxicobordercrossing ...
1865,Pakistan to Turkey. donkey      [pakistan sa turkey]-Pakistan to Turkey. donkey [pakistan sa turkey]. Pakistan Se Europe Ki Danki | How to go turkey. Pakistan to. Turkey. Dunkey.
833,India üáÆüá≥ To USA üá∫üá∏ | Part 15 | ‡§™‡§®‡§æ‡§Æ‡§æ ‡§ú‡§Ç‡§ó‡§≤ ‡§Æ‡•á‡§Ç ‡§ò‡•Å‡§∏ ‡§ó‡§Ø‡•á üò±‡•§ Panama üáµüá¶ Jungle | Capurgana| USA-Jai Mata Di America #usa     #usa #america #trending #reels #reelitfeelit #trend #explore #explorepage #usa     ...
1886,Camela Toa | This Bitch Podcast | Ep #66-Comedians Sara Weinshenk and Kimberly Congdon sit down to talk about Orphan daddies and icy tittys. Follow Kimberly ...
1248,USA Donkey I India to Usa I #shorts-shorts #donkey #usdonkey US Donkey I India to Usa I #shorts Full video Link : https://bit.ly/3xVaW8V My other Youtube Channel ...
1507,DUNKI story n meaning explained! Pathaan Shahrukh Khan upcoming Blockbuster film details ! Story out-Dunki #ShahRukhKhan #RajKumarHirani #TaapseePannu ShahRukh Khan film Dunki produced by Rajkumar Hirani and Gauri ...
60,USA DONKEY üá∫üá≤ VIDEO || AMERICA DONKEY üá∫üá≤ VIDEO || Masti Time Turki Airport #usa #shorts #viral #2022-USA DONKEY VIDEO || AMERICA DONKEY VIDEO || Masti Time Turki Airport #usa #shorts #viral #2022 2 Numabri ...
972,üßç‚Äç‚ôÇÔ∏è Visa Agent in Pakistan India | DONKEY FLIGHTS --- UK USA CANADA EUROPE-Visa Agent in Pakistan India | DONKEY FLIGHTS --- UK USA CANADA EUROPE #donkey #DONKEYFLIGHTS #VisaAgent ...
567,USA DONKEY PANAMA JUNGLE #LATEST VIDIO-Pl subscribe our chennal for more information Jassi Backpacker Vlogs Gmail.jasvindersingh46664@gmail.com Pl follow ...
160,"CBS Reports | Darien Gap: Desperate Journey to America-A dangerous 60-mile stretch of jungle separates Colombia and Panama. It's known as the Darien Gap, and thousands cross it ..."
1010,India üáÆüá≥ To USA üá∫üá∏ | Part - 02| Donkey 2022| Second Flight| 2 Numbari ‚úåüèª| America üá∫üá∏-Jai Mata Di America #usa     #usa #america #trending #reels #reelitfeelit #trend #explore #explorepage #usa     ...
1044,Donkey india to usa new song-This video are copyright act....
1817,"Dunkin&#39;¬Æ Chocolate Croissant Review! üç´ü•ê | SPRING Menu üéï | theendorsement-Today I review the NEW Chocolate Croissant from Dunkin'¬Æ! ($3 w/tax) The Chocolate Croissant, an all-butter croissant filled with ..."
1066,USA Donkey I india to usa donkey I-usa #usadonkey #usadonkey2022 #usa #freevisaadvisor USA Donkey I india to usa donkey I Free Visa Advisor don't promote ...
1755,Dunki Official Trailer : Climax Shoot | Shahrukh Khan | Taapsee | Boman Irani | Rajkumar Hirani-Dunki Official Trailer : Climax Shoot | Shahrukh Khan | Taapsee | Boman Irani | Rajkumar Hirani #dunki #shahrukhkhan ...
1486,Dunkey New Route for Europe| Europe Dunkey 2022| Dunki for Europe| Europe ki Danki|-in this video you will know about Dunkey New Route for Europe| Europe Dunkey 2022| Dunki for Europe| #europe ...
1344,UNION BUDGET INDIA 2023-24 FOR JAMMU &amp; KASHMIR | PAKISTANI REACTION ON INDIA | SANA AMJAD-SanaAmjad #PakistaniReactionOnIndia #Kashmir If you like the video don't forget to LIKE & SUBSCRIBE My Socials: Facebook: ...
960,üáÆüá≥INDIA TO USAüá∫üá≤ DONKEY-America donky boys group Bahut muskil ka samna krna pda (Donky america) panama jungle..
973,India to usa Donkey üò±üò± #trending  #usadonkey #india #trendingvideo #shortsvideo-India to usa Donkey India to America #india to Dubai India to uk India to Africa #india #donkey #jungle #dubai #uk #portugal ...
984,usa visa india to Europe and mexico by air ‚úàÔ∏èÔ∏ènot donkey vg visa point spain to Mexico and Belgiumüáßüá™-usa #visa #mexico.
1540,"Dunki movie Teaser Trailer Review‡•§ #ShahRukhKhan  #TaapeseePannu  #RajkumarHirani  22 Dec 23-dunki, dunkirk trailer, donkey, dunkirk soundtrack, dunkin donuts, donkey sound, donkey america, dunkirk review, dunkirk ..."
1714,"New Omelet Bites from Dunkin‚Äô-Get crackin' with new Bacon & Cheddar or Egg White & Veggie Omelet Bites from Dunkin'. Made with cage-free eggs, and packed ..."
1438,The Lazy Donkey in English | Stories for Teenagers | @EnglishFairyTales-The Lazy Donkey in English | Stories for Teenagers | @EnglishFairyTales Parental Guidance: Some material of this video may not ...
1782,"DYK Before Dunki || Shah Rukh Khan was offered Lala Amarnath&#39;s biopic by Rajkumar Hirani | #dyk-DYK Before Dunki, Shah Rukh Khan was offered Lala Amarnath's biopic by Rajkumar Hirani Shahrukh Khan illegal immigration ..."
